tcm_id,name,name_cn,level,path,parent_id,definition,synonyms,synonyms_cn,xref_umls,xref_snomed,xref_icd11,xref_mesh
TCM:0000001,Traditional Chinese Medicine,中国传统医药,0,Traditional_Chinese_Medicine,,The root entity encompassing all concepts in Traditional Chinese Medicine and Ethnic Traditional Medicine of China,,,,,,
TCM:0100000,Materia Medica,中药,1,Traditional_Chinese_Medicine.Materia_Medica,TCM:0000001,"Medicinal substances used in TCM including herbs, minerals, and animal products",,,C0013227,419666003,,
TCM:0200000,Formulas and Preparations,方剂与制剂,1,Traditional_Chinese_Medicine.Formulas_and_Preparations,TCM:0000001,Compound prescriptions and manufactured preparations,,,C0013058,,,
TCM:0300000,Therapeutic Techniques,治疗技术,1,Traditional_Chinese_Medicine.Therapeutic_Techniques,TCM:0000001,Non-pharmaceutical treatment methods in TCM,,,C0087111,,,
TCM:0400000,Theoretical Concepts,理论概念,1,Traditional_Chinese_Medicine.Theoretical_Concepts,TCM:0000001,Fundamental theories and conceptual frameworks of TCM,,,,,TM1,
TCM:0500000,Diagnostic Methods,诊断方法,1,Traditional_Chinese_Medicine.Diagnostic_Methods,TCM:0000001,Methods and findings used in TCM diagnosis,,,C0011900,,,
TCM:0600000,Diseases and Patterns,病证,1,Traditional_Chinese_Medicine.Diseases_and_Patterns,TCM:0000001,Disease entities and syndrome patterns in TCM,,,,,TM1,
TCM:0700000,Anatomical Concepts,解剖概念,1,Traditional_Chinese_Medicine.Anatomical_Concepts,TCM:0000001,Body structures and locations in TCM context,,,,,,
TCM:0800000,TCM Pharmacology,中药药理,1,Traditional_Chinese_Medicine.TCM_Pharmacology,TCM:0000001,Pharmacological properties and classifications of TCM substances,,,,,,
TCM:0900000,Integration and Modernization,整合与现代化,1,Traditional_Chinese_Medicine.Integration_and_Modernization,TCM:0000001,Modern developments and integrative approaches,,,,,,
TCM:1000000,Classical Texts and Heritage,经典文献与传承,1,Traditional_Chinese_Medicine.Classical_Texts_and_Heritage,TCM:0000001,Historical texts and knowledge transmission,,,,,,
TCM:1100000,Regulatory and Standards,法规与标准,1,Traditional_Chinese_Medicine.Regulatory_and_Standards,TCM:0000001,Regulatory frameworks and standards for TCM,,,,,,
TCM:1200000,Treatment Principles and Methods,治则治法,1,Traditional_Chinese_Medicine.Treatment_Principles_and_Methods,TCM:0000001,Fundamental treatment principles and therapeutic strategies bridging diagnosis and treatment,,,,,,
TCM:1300000,Health Preservation and Prevention,养生与预防,1,Traditional_Chinese_Medicine.Health_Preservation_and_Prevention,TCM:0000001,TCM approaches to maintaining health and preventing disease (Yangsheng),,,,,,
TCM:1400000,Ethnic Traditional Medicine,民族医药,1,Traditional_Chinese_Medicine.Ethnic_Traditional_Medicine,TCM:0000001,Traditional medicine systems of China's ethnic minorities,,,,,,
TCM:0101000,Herbal Medicine,草药,2,Traditional_Chinese_Medicine.Materia_Medica.Herbal_Medicine,TCM:0100000,Plant-derived medicinal materials,,,C0019240,419666003,,
TCM:0601000,TCM Disease Entities,中医病名,2,Traditional_Chinese_Medicine.Diseases_and_Patterns.TCM_Disease_Entities,TCM:0600000,Named diseases in TCM nosology,,,,,,
TCM:0301000,Acupuncture,针刺疗法,2,Traditional_Chinese_Medicine.Therapeutic_Techniques.Acupuncture,TCM:0300000,Treatment using needle insertion at specific points,,,C0394664,44868003,TM1:QA00,
TCM:1301000,Seasonal Health Preservation,四时养生,2,Traditional_Chinese_Medicine.Health_Preservation_and_Prevention.Seasonal_Health_Preservation,TCM:1300000,Health maintenance adapted to four seasons,,,,,,
TCM:0501000,Inspection Diagnosis,望诊,2,Traditional_Chinese_Medicine.Diagnostic_Methods.Inspection_Diagnosis,TCM:0500000,Visual observation including tongue and complexion,,,,,,
TCM:0701000,Acupoints,腧穴,2,Traditional_Chinese_Medicine.Anatomical_Concepts.Acupoints,TCM:0700000,Specific points for acupuncture and related therapies,,,C0000777,,,
TCM:1101000,TCM Pharmacopoeia Standards,药典标准,2,Traditional_Chinese_Medicine.Regulatory_and_Standards.TCM_Pharmacopoeia_Standards,TCM:1100000,Official pharmacopoeia entries and standards,,,,,,
TCM:0201000,Formula Composition Principles,组方原则,2,Traditional_Chinese_Medicine.Formulas_and_Preparations.Classical_Formulas,TCM:0200000,Principles governing the composition of prescriptions,,,,,,
TCM:0801000,Drug Properties,药性,2,Traditional_Chinese_Medicine.TCM_Pharmacology.Drug_Properties,TCM:0800000,"Four natures, five flavors, channel tropism",,,,,,
TCM:1001000,Medical Classics,医学经典,2,Traditional_Chinese_Medicine.Classical_Texts_and_Heritage.Medical_Classics,TCM:1000000,Foundational texts of TCM,,,,,,
TCM:1401000,Tibetan Medicine,藏医药,2,Traditional_Chinese_Medicine.Ethnic_Traditional_Medicine.Tibetan_Medicine,TCM:1400000,Traditional medicine of the Tibetan people (Sowa Rigpa),,,,,,
TCM:0901000,Integrated TCM-Western Medicine,中西医结合,2,Traditional_Chinese_Medicine.Integration_and_Modernization.Integrated_TCM_Western_Medicine,TCM:0900000,Approaches combining TCM with Western medicine,,,,,,
TCM:0401000,Fundamental Theories,基础理论,2,Traditional_Chinese_Medicine.Theoretical_Concepts.Fundamental_Theories,TCM:0400000,"Core theoretical foundations including Yin-Yang, Five Elements",,,,,,
TCM:1201000,General Treatment Principles,基本治则,2,Traditional_Chinese_Medicine.Treatment_Principles_and_Methods.General_Treatment_Principles,TCM:1200000,Overarching principles governing all treatments,,,,,,
TCM:0202000,Classical Formulas,经典方剂,2,Traditional_Chinese_Medicine.Formulas_and_Preparations.Modern_Formulas,TCM:0200000,Traditional prescriptions from classical texts,,,,,,
TCM:1102000,TCM Practice Guidelines,诊疗指南,2,Traditional_Chinese_Medicine.Regulatory_and_Standards.TCM_Practice_Guidelines,TCM:1100000,Clinical practice guidelines for TCM,,,,,,
TCM:0402000,Zang-Fu Organs,脏腑,2,Traditional_Chinese_Medicine.Theoretical_Concepts.Zang_Fu_Organs,TCM:0400000,TCM organ system concepts,,,,,TM1:SF,
TCM:0702000,Body Regions,人体部位,2,Traditional_Chinese_Medicine.Anatomical_Concepts.Body_Regions,TCM:0700000,Body areas referenced in TCM,,,,,,
TCM:0802000,Drug Actions,药物功效分类,2,Traditional_Chinese_Medicine.TCM_Pharmacology.Drug_Actions,TCM:0800000,"Therapeutic effects and functions of drugs, with representative herbs",,,,,,
TCM:0602000,TCM Syndrome Patterns,中医证型,2,Traditional_Chinese_Medicine.Diseases_and_Patterns.TCM_Syndrome_Patterns,TCM:0600000,Syndrome patterns used in diagnosis,,,,,TM1:SC,
TCM:0302000,Moxibustion,灸法,2,Traditional_Chinese_Medicine.Therapeutic_Techniques.Moxibustion,TCM:0300000,Treatment using heat from burning moxa,,,C0026552,52940005,,
TCM:1002000,Herbal Classics,本草经典,2,Traditional_Chinese_Medicine.Classical_Texts_and_Heritage.Herbal_Classics,TCM:1000000,Classical materia medica literature,,,,,,
TCM:0502000,Auscultation and Olfaction,闻诊,2,Traditional_Chinese_Medicine.Diagnostic_Methods.Auscultation_and_Olfaction,TCM:0500000,Diagnosis through listening and smelling,,,,,,
TCM:1302000,Emotional Health Preservation,情志养生,2,Traditional_Chinese_Medicine.Health_Preservation_and_Prevention.Emotional_Health_Preservation,TCM:1300000,Mental and emotional health maintenance,,,,,,
TCM:1402000,Mongolian Medicine,蒙医药,2,Traditional_Chinese_Medicine.Ethnic_Traditional_Medicine.Mongolian_Medicine,TCM:1400000,Traditional medicine of the Mongolian people,,,,,,
TCM:1202000,Eight Therapeutic Methods,八法,2,Traditional_Chinese_Medicine.Treatment_Principles_and_Methods.Eight_Therapeutic_Methods,TCM:1200000,The eight major therapeutic strategies in TCM,,,,,,
TCM:0902000,TCM-derived Nanomaterials,中药纳米材料,2,Traditional_Chinese_Medicine.Integration_and_Modernization.TCM_derived_Nanomaterials,TCM:0900000,Nanotechnology applications in TCM,,,,,,
TCM:0102000,Animal-derived Medicine,动物药,2,Traditional_Chinese_Medicine.Materia_Medica.Animal_derived_Medicine,TCM:0100000,Medicinal substances derived from animals,,,C0003289,,,
TCM:1203000,Specific Treatment Strategies,具体治法,2,Traditional_Chinese_Medicine.Treatment_Principles_and_Methods.Specific_Treatment_Strategies,TCM:1200000,Detailed treatment strategies derived from the Eight Methods,,,,,,
TCM:0203000,Formulas by Function,方剂功效分类,2,Traditional_Chinese_Medicine.Formulas_and_Preparations.Chinese_Patent_Medicine,TCM:0200000,Formulas classified by therapeutic function,,,,,,
TCM:0503000,Inquiry Diagnosis,问诊,2,Traditional_Chinese_Medicine.Diagnostic_Methods.Inquiry_Diagnosis,TCM:0500000,Diagnosis through questioning,,,,,,
TCM:0903000,TCM Informatics,中医信息学,2,Traditional_Chinese_Medicine.Integration_and_Modernization.TCM_Informatics,TCM:0900000,Information technology applications in TCM,,,,,,
TCM:0303000,Cupping Therapy,拔罐疗法,2,Traditional_Chinese_Medicine.Therapeutic_Techniques.Cupping_Therapy,TCM:0300000,Treatment using suction cups on the body,,,C0394747,231063006,,
TCM:1403000,Uyghur Medicine,维医药,2,Traditional_Chinese_Medicine.Ethnic_Traditional_Medicine.Uyghur_Medicine,TCM:1400000,Traditional medicine of the Uyghur people,,,,,,
TCM:1103000,TCM Education Standards,教育标准,2,Traditional_Chinese_Medicine.Regulatory_and_Standards.TCM_Education_Standards,TCM:1100000,Standards for TCM education and certification,,,,,,
TCM:0803000,Drug Processing Methods,炮制方法,2,Traditional_Chinese_Medicine.TCM_Pharmacology.Drug_Processing_Methods,TCM:0800000,"Traditional processing techniques for herbs (paozhi), the process that produces herbal pieces (yinpian)",,,,,,
TCM:0703000,Orifices and Tissues,官窍组织,2,Traditional_Chinese_Medicine.Anatomical_Concepts.Orifices_and_Tissues,TCM:0700000,Sensory organs and tissue types in TCM,,,,,,
TCM:0603000,TCM Symptoms and Signs,中医症状体征,2,Traditional_Chinese_Medicine.Diseases_and_Patterns.TCM_Symptoms_and_Signs,TCM:0600000,"Clinical manifestations in TCM terminology, classified by Zang-Fu",,,,,,
TCM:0103000,Mineral Medicine,矿物药,2,Traditional_Chinese_Medicine.Materia_Medica.Mineral_Medicine,TCM:0100000,Mineral-based medicinal substances,,,C0026162,,,
TCM:0403000,Meridians and Collaterals,经络,2,Traditional_Chinese_Medicine.Theoretical_Concepts.Meridians_and_Collaterals,TCM:0400000,Channel system and acupoints,,,,,TM1:SE,
TCM:1003000,TCM Schools of Thought,中医学派,2,Traditional_Chinese_Medicine.Classical_Texts_and_Heritage.TCM_Schools_of_Thought,TCM:1000000,Historical schools and academic traditions,,,,,,
TCM:1303000,Dietary Health Preservation,饮食养生,2,Traditional_Chinese_Medicine.Health_Preservation_and_Prevention.Dietary_Health_Preservation,TCM:1300000,Health maintenance through dietary practices,,,,,,
TCM:0304000,Tuina Massage,推拿按摩,2,Traditional_Chinese_Medicine.Therapeutic_Techniques.Tuina_Massage,TCM:0300000,Therapeutic massage and manipulation techniques,,,C0024875,387854002,,
TCM:0404000,Qi-Blood-Body Fluids,气血津液,2,Traditional_Chinese_Medicine.Theoretical_Concepts.Qi_Blood_Body_Fluids,TCM:0400000,Vital substances in TCM theory,,,,,TM1:SD,
TCM:0504000,Pulse Diagnosis,切诊,2,Traditional_Chinese_Medicine.Diagnostic_Methods.Pulse_Diagnosis,TCM:0500000,Diagnosis through pulse taking and palpation,,,C0034107,,,
TCM:1004000,Famous TCM Practitioners,历代名医,2,Traditional_Chinese_Medicine.Classical_Texts_and_Heritage.Famous_TCM_Practitioners,TCM:1000000,Notable physicians in TCM history,,,,,,
TCM:1104000,International Standards,国际标准,2,Traditional_Chinese_Medicine.Regulatory_and_Standards.International_Standards,TCM:1100000,International standardization of TCM,,,,,,
TCM:1404000,Dai Medicine,傣医药,2,Traditional_Chinese_Medicine.Ethnic_Traditional_Medicine.Dai_Medicine,TCM:1400000,Traditional medicine of the Dai people,,,,,,
TCM:0204000,Modern Formulas,现代方剂,2,Traditional_Chinese_Medicine.Formulas_and_Preparations.External_Preparations,TCM:0200000,Contemporary compound prescriptions,,,,,,
TCM:1304000,Exercise Health Preservation,运动养生,2,Traditional_Chinese_Medicine.Health_Preservation_and_Prevention.Exercise_Health_Preservation,TCM:1300000,Physical exercise and movement practices for health,,,,,,
TCM:0804000,Drug Compatibility,配伍关系,2,Traditional_Chinese_Medicine.TCM_Pharmacology.Drug_Compatibility,TCM:0800000,Interactions and combinations of drugs,,,,,,
TCM:0104000,Chinese Herbal Pieces,中药饮片,2,Traditional_Chinese_Medicine.Materia_Medica.Chinese_Herbal_Pieces,TCM:0100000,Processed herbal materials ready for decoction,,,,419666003,,
TCM:0904000,TCM Quality Control,中药质量控制,2,Traditional_Chinese_Medicine.Integration_and_Modernization.TCM_Quality_Control,TCM:0900000,Standardization and quality assurance methods,,,,,,
TCM:0205000,Chinese Patent Medicine,中成药,2,Traditional_Chinese_Medicine.Formulas_and_Preparations.TCM_Injections,TCM:0200000,Manufactured TCM products with fixed formulations,,,,419666003,,
TCM:0105000,TCM Active Ingredients,中药活性成分,2,Traditional_Chinese_Medicine.Materia_Medica.TCM_Active_Ingredients,TCM:0100000,Isolated bioactive compounds from TCM sources,,,C0574031,,,
TCM:0405000,TCM Constitution Types,中医体质,2,Traditional_Chinese_Medicine.Theoretical_Concepts.TCM_Constitution_Types,TCM:0400000,Body constitution classification in TCM (Wang Qi's nine constitution types),,,,,,
TCM:0305000,Scraping Therapy,刮痧疗法,2,Traditional_Chinese_Medicine.Therapeutic_Techniques.Scraping_Therapy,TCM:0300000,Treatment using scraping tools on the skin,,,C0872307,,,
TCM:1405000,Miao Medicine,苗医药,2,Traditional_Chinese_Medicine.Ethnic_Traditional_Medicine.Miao_Medicine,TCM:1400000,Traditional medicine of the Miao (Hmong) people,,,,,,
TCM:0505000,Pattern Identification,辨证,2,Traditional_Chinese_Medicine.Diagnostic_Methods.Pattern_Identification,TCM:0500000,Syndrome differentiation methods,,,,,TM1:SC,
TCM:1305000,Daily Life Health Preservation,起居养生,2,Traditional_Chinese_Medicine.Health_Preservation_and_Prevention.Daily_Life_Health_Preservation,TCM:1300000,Health maintenance through daily life regulation,,,,,,
TCM:0905000,TCM Clinical Research,中医临床研究,2,Traditional_Chinese_Medicine.Integration_and_Modernization.TCM_Clinical_Research,TCM:0900000,Clinical trial methodologies for TCM,,,,,,
TCM:0805000,Drug Toxicity,药物毒性,2,Traditional_Chinese_Medicine.TCM_Pharmacology.Drug_Toxicity,TCM:0800000,Toxic properties and contraindications,,,,,,
TCM:1005000,Formula Classics,方书经典,2,Traditional_Chinese_Medicine.Classical_Texts_and_Heritage.Formula_Classics,TCM:1000000,Classical works focused on formulas and prescriptions,,,,,,
TCM:1406000,Zhuang Medicine,壮医药,2,Traditional_Chinese_Medicine.Ethnic_Traditional_Medicine.Zhuang_Medicine,TCM:1400000,Traditional medicine of the Zhuang people,,,,,,
TCM:0506000,TCM Diagnostic Devices,中医诊断设备,2,Traditional_Chinese_Medicine.Diagnostic_Methods.TCM_Diagnostic_Devices,TCM:0500000,Modern instruments for TCM diagnosis,,,,,,
TCM:0306000,Qigong Therapy,气功疗法,2,Traditional_Chinese_Medicine.Therapeutic_Techniques.Qigong_Therapy,TCM:0300000,Therapeutic exercises involving breath and movement,,,C0034991,,,
TCM:0406000,TCM Etiology,中医病因学,2,Traditional_Chinese_Medicine.Theoretical_Concepts.TCM_Etiology,TCM:0400000,Causes of disease in TCM perspective,,,,,TM1:SA,
TCM:0206000,External Preparations,外用制剂,2,Traditional_Chinese_Medicine.Formulas_and_Preparations.External_Preparations,TCM:0200000,"Topical applications including plasters, ointments, and liniments",,,,,,
TCM:0106000,Marine Medicine,海洋药物,2,Traditional_Chinese_Medicine.Materia_Medica.Marine_Medicine,TCM:0100000,"Medicinal substances from marine organisms, classified by marine source environment",,,,,,
TCM:1306000,Preventive Treatment of Disease,治未病,2,Traditional_Chinese_Medicine.Health_Preservation_and_Prevention.Preventive_Treatment_of_Disease,TCM:1300000,TCM preventive medicine concepts,,,,,,
TCM:0407000,TCM Pathogenesis,中医病机学,2,Traditional_Chinese_Medicine.Theoretical_Concepts.TCM_Pathogenesis,TCM:0400000,Mechanisms of disease development in TCM,,,,,TM1:SB,
TCM:1407000,Other Ethnic Medicines,其他民族医药,2,Traditional_Chinese_Medicine.Ethnic_Traditional_Medicine.Other_Ethnic_Medicines,TCM:1400000,Traditional medicine of other ethnic groups,,,,,,
TCM:0207000,TCM Injections,中药注射剂,2,Traditional_Chinese_Medicine.Formulas_and_Preparations.TCM_Injections,TCM:0200000,Injectable preparations derived from TCM,,,,,,
TCM:0307000,TCM Dietary Therapy,中医食疗,2,Traditional_Chinese_Medicine.Therapeutic_Techniques.TCM_Dietary_Therapy,TCM:0300000,Therapeutic use of foods based on TCM principles,,,C0012159,,,
TCM:0308000,Acupuncture Prescriptions,针灸处方,2,Traditional_Chinese_Medicine.Therapeutic_Techniques.Other_Therapies,TCM:0300000,Point combinations and protocols for acupuncture treatment,,,,,,
TCM:0309000,Other Therapies,其他疗法,2,Traditional_Chinese_Medicine.Therapeutic_Techniques.Other_Therapies,TCM:0300000,Additional TCM therapeutic methods,,,,,,
TCM:0903001,TCM Databases,中医药数据库,3,Traditional_Chinese_Medicine.Integration_and_Modernization.TCM_Informatics.TCM_Databases,TCM:0903000,TCM knowledge databases,,,,,,
TCM:0205001,Pills,丸剂,3,Traditional_Chinese_Medicine.Formulas_and_Preparations.TCM_Injections.Small_Volume_Injections,TCM:0205000,Pill preparations,,,,,,
TCM:0206001,Plasters,膏药,3,Traditional_Chinese_Medicine.Formulas_and_Preparations.External_Preparations.Plasters,TCM:0206000,Medicinal plasters,,,,,,
TCM:0204001,Hospital Preparations,院内制剂,3,Traditional_Chinese_Medicine.Formulas_and_Preparations.External_Preparations.Plasters,TCM:0204000,Hospital-made preparations,,,,,,
TCM:1203001,Regulating Qi,理气法,3,Traditional_Chinese_Medicine.Treatment_Principles_and_Methods.Specific_Treatment_Strategies.Regulating_Qi,TCM:1203000,Strategies for regulating Qi flow,,,,,,
TCM:1004001,Ancient Physicians,古代名医,3,Traditional_Chinese_Medicine.Classical_Texts_and_Heritage.Famous_TCM_Practitioners.Ancient_Physicians,TCM:1004000,Physicians before Qing dynasty,,,,,,
TCM:0501001,Spirit Observation,望神,3,Traditional_Chinese_Medicine.Diagnostic_Methods.Inspection_Diagnosis.Spirit_Observation,TCM:0501000,Observation of spirit/vitality,,,,,,
TCM:1103001,Curriculum Standards,课程标准,3,Traditional_Chinese_Medicine.Regulatory_and_Standards.TCM_Education_Standards.Curriculum_Standards,TCM:1103000,Educational curriculum standards,,,,,,
TCM:0207001,Small Volume Injections,小容量注射剂,3,Traditional_Chinese_Medicine.Formulas_and_Preparations.TCM_Injections.Small_Volume_Injections,TCM:0207000,Small volume injections,,,,,,
TCM:0804001,Seven Relations,七情配伍,3,Traditional_Chinese_Medicine.TCM_Pharmacology.Drug_Compatibility.Seven_Relations,TCM:0804000,"Seven drug combination relations: single use, mutual reinforcement, mutual assistance, mutual restraint, mutual antagonism, mutual incompatibility, mutual toxicity",,,,,,
TCM:1301001,Spring Health Preservation,春季养生,3,Traditional_Chinese_Medicine.Health_Preservation_and_Prevention.Seasonal_Health_Preservation.Spring_Health_Preservation,TCM:1301000,Nurturing liver Qi in spring,,,,,,
TCM:1003001,Cold-Cool School,寒凉派,3,Traditional_Chinese_Medicine.Classical_Texts_and_Heritage.TCM_Schools_of_Thought.Cold_Cool_School,TCM:1003000,"School emphasizing cold-cool treatment, represented by Liu Wansu",,,,,,
TCM:0407001,Pathogenesis of Qi,气病病机,3,Traditional_Chinese_Medicine.Theoretical_Concepts.TCM_Pathogenesis.Pathogenesis_of_Qi,TCM:0407000,Qi-related pathomechanisms,,,,,,
TCM:0301001,Body Acupuncture,体针,3,Traditional_Chinese_Medicine.Therapeutic_Techniques.Acupuncture.Body_Acupuncture,TCM:0301000,Standard body acupuncture,,,,44868003,,
TCM:0803001,Cleansing Methods,净制,3,Traditional_Chinese_Medicine.TCM_Pharmacology.Drug_Processing_Methods.Cleansing_Methods,TCM:0803000,Cleaning and selecting methods,,,,,,
TCM:1002001,Shennong Bencao Jing,神农本草经,3,Traditional_Chinese_Medicine.Classical_Texts_and_Heritage.Herbal_Classics.Shennong_Bencao_Jing,TCM:1002000,"Divine Farmer's Materia Medica, the earliest pharmacopoeia",,,,,,
TCM:1302001,Emotional Regulation,情志调摄,3,Traditional_Chinese_Medicine.Health_Preservation_and_Prevention.Emotional_Health_Preservation.Emotional_Regulation,TCM:1302000,Methods of regulating emotions to maintain health,,,,,,
TCM:0502001,Voice and Speech Assessment,听声音,3,Traditional_Chinese_Medicine.Diagnostic_Methods.Auscultation_and_Olfaction.Voice_and_Speech_Assessment,TCM:0502000,Listening to voice and speech,,,,,,
TCM:1303001,Dietary Principles,饮食原则,3,Traditional_Chinese_Medicine.Health_Preservation_and_Prevention.Dietary_Health_Preservation.Dietary_Principles,TCM:1303000,General principles of healthy eating in TCM,,,,,,
TCM:0503001,Ten Questions,十问,3,Traditional_Chinese_Medicine.Diagnostic_Methods.Inquiry_Diagnosis.Ten_Questions,TCM:0503000,The ten classic inquiries,,,,,,
TCM:0603001,Heart-related Symptoms,心系症状,3,Traditional_Chinese_Medicine.Diseases_and_Patterns.TCM_Symptoms_and_Signs.General_Symptoms,TCM:0603000,Symptoms related to the Heart system,,,,,,
TCM:0103001,Native Element Minerals,自然元素矿物药,3,Traditional_Chinese_Medicine.Materia_Medica.Mineral_Medicine.Native_Element_Minerals,TCM:0103000,Native element minerals,,,,,,
TCM:1403100,Uyghur Medical Theory,维医理论,3,Traditional_Chinese_Medicine.Ethnic_Traditional_Medicine.Uyghur_Medicine.Uyghur_Medical_Theory,TCM:1403000,Theoretical foundations of Uyghur medicine,,,,,,
TCM:0406001,Six Exogenous Pathogens,六淫,3,Traditional_Chinese_Medicine.Theoretical_Concepts.TCM_Etiology.Six_Exogenous_Pathogens,TCM:0406000,"Wind, Cold, Summer-heat, Dampness, Dryness, Fire",,,,,,
TCM:0302001,Direct Moxibustion,直接灸,3,Traditional_Chinese_Medicine.Therapeutic_Techniques.Moxibustion.Direct_Moxibustion,TCM:0302000,Direct moxa cone application,,,,,,
TCM:0901001,Integrative Diagnosis,结合诊断,3,Traditional_Chinese_Medicine.Integration_and_Modernization.Integrated_TCM_Western_Medicine.Integrative_Diagnosis,TCM:0901000,Combined diagnostic approaches,,,,,,
TCM:1304001,Daoyin Techniques,导引术,3,Traditional_Chinese_Medicine.Health_Preservation_and_Prevention.Exercise_Health_Preservation.Daoyin_Techniques,TCM:1304000,Traditional guided exercise techniques,,,,,,
TCM:0401001,Yin-Yang Theory,阴阳学说,3,Traditional_Chinese_Medicine.Theoretical_Concepts.Fundamental_Theories.Yin_Yang_Theory,TCM:0401000,Theory of Yin and Yang,,,,,,
TCM:1305001,Sleep Health,睡眠养生,3,Traditional_Chinese_Medicine.Health_Preservation_and_Prevention.Daily_Life_Health_Preservation.Sleep_Health,TCM:1305000,Health-promoting sleep practices,,,,,,
TCM:1404100,Dai Medical Theory,傣医理论,3,Traditional_Chinese_Medicine.Ethnic_Traditional_Medicine.Dai_Medicine.Dai_Medical_Theory,TCM:1404000,Theoretical foundations of Dai medicine,,,,,,
TCM:0303001,Fire Cupping,火罐,3,Traditional_Chinese_Medicine.Therapeutic_Techniques.Cupping_Therapy.Fire_Cupping,TCM:0303000,Fire cupping therapy,,,,,,
TCM:0403001,Twelve Regular Meridians,十二正经,3,Traditional_Chinese_Medicine.Theoretical_Concepts.Meridians_and_Collaterals.Twelve_Regular_Meridians,TCM:0403000,The twelve primary meridians,,,,,,
TCM:0102001,Insect Drugs,昆虫类药,3,Traditional_Chinese_Medicine.Materia_Medica.Animal_derived_Medicine.Insect_Drugs,TCM:0102000,Medicinal insects,,,,,,
TCM:1306001,Prevention Before Disease,未病先防,3,Traditional_Chinese_Medicine.Health_Preservation_and_Prevention.Preventive_Treatment_of_Disease.Prevention_Before_Disease,TCM:1306000,Preventing disease before it occurs,,,,,,
TCM:0101001,Root and Rhizome Drugs,根及根茎类药,3,Traditional_Chinese_Medicine.Materia_Medica.Herbal_Medicine.Root_and_Rhizome_Drugs,TCM:0101000,Medicinal roots and rhizomes,,,,,,
TCM:0402001,Five Zang Organs,五脏,3,Traditional_Chinese_Medicine.Theoretical_Concepts.Zang_Fu_Organs.Five_Zang_Organs,TCM:0402000,"Heart, Liver, Spleen, Lung, Kidney",,,,,,
TCM:0304001,Adult Tuina,成人推拿,3,Traditional_Chinese_Medicine.Therapeutic_Techniques.Tuina_Massage.Adult_Tuina,TCM:0304000,Adult therapeutic massage,,,,,,
TCM:0504001,Wrist Pulse Taking,寸口脉诊,3,Traditional_Chinese_Medicine.Diagnostic_Methods.Pulse_Diagnosis.Wrist_Pulse_Taking,TCM:0504000,Radial pulse diagnosis,,,,,,
TCM:0106001,Marine Algae Drugs,海藻类药,3,Traditional_Chinese_Medicine.Materia_Medica.Marine_Medicine.Marine_Algae_Drugs,TCM:0106000,Medicinal seaweeds,,,,,,
TCM:1401100,Tibetan Medical Theory,藏医理论,3,Traditional_Chinese_Medicine.Ethnic_Traditional_Medicine.Tibetan_Medicine.Tibetan_Medical_Theory,TCM:1401000,Theoretical foundations of Tibetan medicine,,,,,,
TCM:1405100,Miao Medical Theory,苗医理论,3,Traditional_Chinese_Medicine.Ethnic_Traditional_Medicine.Miao_Medicine.Miao_Medical_Theory,TCM:1405000,Theoretical foundations of Miao medicine,,,,,,
TCM:0305001,Traditional Guasha,传统刮痧,3,Traditional_Chinese_Medicine.Therapeutic_Techniques.Scraping_Therapy.Traditional_Guasha,TCM:0305000,Traditional scraping therapy,,,,,,
TCM:0505001,Eight Principles Differentiation,八纲辨证,3,Traditional_Chinese_Medicine.Diagnostic_Methods.Pattern_Identification.Eight_Principles_Differentiation,TCM:0505000,"Yin-Yang, Interior-Exterior, Cold-Heat, Deficiency-Excess",,,,,,
TCM:0802001,Exterior-Releasing Drugs,解表药,3,Traditional_Chinese_Medicine.TCM_Pharmacology.Drug_Actions.Exterior_Releasing_Drugs,TCM:0802000,Drugs that release the exterior,,,,,,
TCM:1005001,Taiping Shenghui Fang,太平圣惠方,3,Traditional_Chinese_Medicine.Classical_Texts_and_Heritage.Formula_Classics.Taiping_Shenghui_Fang,TCM:1005000,Taiping Holy Prescriptions for Universal Relief,,,,,,
TCM:0306001,Baduanjin,八段锦,3,Traditional_Chinese_Medicine.Therapeutic_Techniques.Qigong_Therapy.Baduanjin,TCM:0306000,Eight Pieces of Brocade,,,,,,
TCM:0602001,Deficiency Patterns,虚证,3,Traditional_Chinese_Medicine.Diseases_and_Patterns.TCM_Syndrome_Patterns.Deficiency_Patterns,TCM:0602000,Deficiency syndrome patterns,,,,,,
TCM:1104001,ISO TCM Standards,ISO中医药标准,3,Traditional_Chinese_Medicine.Regulatory_and_Standards.International_Standards.ISO_TCM_Standards,TCM:1104000,ISO/TC 249 TCM standards,,,,,,
TCM:0801001,Four Natures,四气,3,Traditional_Chinese_Medicine.TCM_Pharmacology.Drug_Properties.Four_Natures,TCM:0801000,"Cold, Hot, Warm, Cool properties",,,,,,
TCM:0405001,Balanced Constitution,平和质,3,Traditional_Chinese_Medicine.Theoretical_Concepts.TCM_Constitution_Types.Balanced_Constitution,TCM:0405000,Balanced/normal constitution,,,,,,
TCM:0105001,Alkaloids,生物碱类,3,Traditional_Chinese_Medicine.Materia_Medica.TCM_Active_Ingredients.Alkaloids,TCM:0105000,Alkaloid compounds,,,C0002062,,,
TCM:0307001,Medicinal Diet,药膳,3,Traditional_Chinese_Medicine.Therapeutic_Techniques.TCM_Dietary_Therapy.Medicinal_Diet,TCM:0307000,Medicated diet,,,,,,
TCM:0104001,Raw Herbal Pieces,生品饮片,3,Traditional_Chinese_Medicine.Materia_Medica.Chinese_Herbal_Pieces.Raw_Herbal_Pieces,TCM:0104000,Unprocessed herbal pieces,,,,,,
TCM:1406100,Zhuang Medical Theory,壮医理论,3,Traditional_Chinese_Medicine.Ethnic_Traditional_Medicine.Zhuang_Medicine.Zhuang_Medical_Theory,TCM:1406000,Theoretical foundations of Zhuang medicine,,,,,,
TCM:0703001,Five Sense Organs,五官,3,Traditional_Chinese_Medicine.Anatomical_Concepts.Orifices_and_Tissues.Five_Sense_Organs,TCM:0703000,"Eyes, ears, nose, mouth, tongue",,,,,,
TCM:0308001,Single Point Prescriptions,单穴处方,3,Traditional_Chinese_Medicine.Therapeutic_Techniques.Other_Therapies.Bloodletting_Therapy,TCM:0308000,Single acupoint prescriptions,,,,,,
TCM:0201001,Sovereign Drug,君药,3,Traditional_Chinese_Medicine.Formulas_and_Preparations.Classical_Formulas.Shanghan_Lun_Formulas,TCM:0201000,The principal drug targeting the main disease or pattern,,,,,,
TCM:0506001,Tongue Imaging Devices,舌诊仪,3,Traditional_Chinese_Medicine.Diagnostic_Methods.TCM_Diagnostic_Devices.Tongue_Imaging_Devices,TCM:0506000,Digital tongue diagnosis devices,,,,,,
TCM:0702001,Head and Face,头面部,3,Traditional_Chinese_Medicine.Anatomical_Concepts.Body_Regions.Head_and_Face,TCM:0702000,Head and face regions,,,,,,
TCM:0309001,Bloodletting Therapy,刺血疗法,3,Traditional_Chinese_Medicine.Therapeutic_Techniques.Other_Therapies.Bloodletting_Therapy,TCM:0309000,Bloodletting therapy,,,,,,
TCM:1001001,Huangdi Neijing,黄帝内经,3,Traditional_Chinese_Medicine.Classical_Texts_and_Heritage.Medical_Classics.Huangdi_Neijing,TCM:1001000,"Yellow Emperor's Inner Classic, the foundational theoretical text",,,,,,
TCM:0904001,Authentication Methods,鉴定方法,3,Traditional_Chinese_Medicine.Integration_and_Modernization.TCM_Quality_Control.Authentication_Methods,TCM:0904000,Drug authentication methods,,,,,,
TCM:0701001,Fourteen Meridian Points,十四经穴,3,Traditional_Chinese_Medicine.Anatomical_Concepts.Acupoints.Fourteen_Meridian_Points,TCM:0701000,Points on the 14 meridians (361 standard points),,,,,,
TCM:0404001,Qi Concepts,气,3,Traditional_Chinese_Medicine.Theoretical_Concepts.Qi_Blood_Body_Fluids.Qi_Concepts,TCM:0404000,Types and functions of Qi,,,,,,
TCM:0601001,External Diseases,外感病,3,Traditional_Chinese_Medicine.Diseases_and_Patterns.TCM_Disease_Entities.External_Diseases,TCM:0601000,Externally contracted diseases,,,,,,
TCM:0902001,Nano Drug Delivery,纳米给药系统,3,Traditional_Chinese_Medicine.Integration_and_Modernization.TCM_derived_Nanomaterials.Nano_Drug_Delivery,TCM:0902000,Nano drug delivery systems,,,,,,
TCM:1402100,Mongolian Medical Theory,蒙医理论,3,Traditional_Chinese_Medicine.Ethnic_Traditional_Medicine.Mongolian_Medicine.Mongolian_Medical_Theory,TCM:1402000,Theoretical foundations of Mongolian medicine,,,,,,
TCM:1101001,Chinese Pharmacopoeia,中国药典,3,Traditional_Chinese_Medicine.Regulatory_and_Standards.TCM_Pharmacopoeia_Standards.Chinese_Pharmacopoeia,TCM:1101000,Official Chinese Pharmacopoeia,,,,,,
TCM:0203001,Exterior-Releasing Formulas,解表剂,3,Traditional_Chinese_Medicine.Formulas_and_Preparations.Chinese_Patent_Medicine.Pills,TCM:0203000,Formulas that release the exterior,,,,,,
TCM:0905001,TCM Clinical Trials,中医临床试验,3,Traditional_Chinese_Medicine.Integration_and_Modernization.TCM_Clinical_Research.TCM_Clinical_Trials,TCM:0905000,Clinical trial methods,,,,,,
TCM:1102001,Disease Guidelines,疾病诊疗指南,3,Traditional_Chinese_Medicine.Regulatory_and_Standards.TCM_Practice_Guidelines.Disease_Guidelines,TCM:1102000,Disease-specific guidelines,,,,,,
TCM:0805001,Highly Toxic Drugs,大毒药物,3,Traditional_Chinese_Medicine.TCM_Pharmacology.Drug_Toxicity.Highly_Toxic_Drugs,TCM:0805000,Highly toxic drugs,,,,,,
TCM:1201001,Treating the Root Cause,治病求本,3,Traditional_Chinese_Medicine.Treatment_Principles_and_Methods.General_Treatment_Principles.Treating_the_Root_Cause,TCM:1201000,Treating the fundamental cause of disease,,,,,,
TCM:1202001,Diaphoresis Method,汗法,3,Traditional_Chinese_Medicine.Treatment_Principles_and_Methods.Eight_Therapeutic_Methods.Diaphoresis_Method,TCM:1202000,Inducing sweating to release exterior,,,,,,
TCM:0202001,Shanghan Lun Formulas,伤寒论方,3,Traditional_Chinese_Medicine.Formulas_and_Preparations.Modern_Formulas.Hospital_Preparations,TCM:0202000,Formulas from Treatise on Cold Damage,,,,,,
TCM:1407001,Yi Medicine,彝医药,3,Traditional_Chinese_Medicine.Ethnic_Traditional_Medicine.Other_Ethnic_Medicines.Yi_Medicine,TCM:1407000,Traditional medicine of the Yi people,,,,,,
TCM:0603002,Liver-related Symptoms,肝系症状,3,Traditional_Chinese_Medicine.Diseases_and_Patterns.TCM_Symptoms_and_Signs.Pain_Symptoms,TCM:0603000,Symptoms related to the Liver system,,,,,,
TCM:0902002,Nanoparticle Formulations,纳米粒制剂,3,Traditional_Chinese_Medicine.Integration_and_Modernization.TCM_derived_Nanomaterials.Nanoparticle_Formulations,TCM:0902000,Nanoparticle-based formulations,,,,,,
TCM:0903002,TCM AI Applications,中医人工智能,3,Traditional_Chinese_Medicine.Integration_and_Modernization.TCM_Informatics.TCM_AI_Applications,TCM:0903000,AI applications in TCM,,,,,,
TCM:0904002,Quality Standards,质量标准,3,Traditional_Chinese_Medicine.Integration_and_Modernization.TCM_Quality_Control.Quality_Standards,TCM:0904000,Quality standard specifications,,,,,,
TCM:0905002,Real-World Evidence,真实世界研究,3,Traditional_Chinese_Medicine.Integration_and_Modernization.TCM_Clinical_Research.Real_World_Evidence,TCM:0905000,Real-world evidence studies,,,,,,
TCM:0102002,Shell Drugs,贝壳类药,3,Traditional_Chinese_Medicine.Materia_Medica.Animal_derived_Medicine.Shell_Drugs,TCM:0102000,Medicinal shells,,,,,,
TCM:0103002,Oxide Minerals,氧化物矿物药,3,Traditional_Chinese_Medicine.Materia_Medica.Mineral_Medicine.Oxide_Minerals,TCM:0103000,Oxide minerals,,,,,,
TCM:0104002,Processed Herbal Pieces,炮制饮片,3,Traditional_Chinese_Medicine.Materia_Medica.Chinese_Herbal_Pieces.Processed_Herbal_Pieces,TCM:0104000,Processed herbal pieces,,,,,,
TCM:0105002,Glycosides,苷类,3,Traditional_Chinese_Medicine.Materia_Medica.TCM_Active_Ingredients.Glycosides,TCM:0105000,Glycoside compounds,,,C0017977,,,
TCM:1407002,Hui Medicine,回医药,3,Traditional_Chinese_Medicine.Ethnic_Traditional_Medicine.Other_Ethnic_Medicines.Hui_Medicine,TCM:1407000,Traditional medicine of the Hui people,,,,,,
TCM:0106002,Marine Animal Drugs,海洋动物药,3,Traditional_Chinese_Medicine.Materia_Medica.Marine_Medicine.Marine_Animal_Drugs,TCM:0106000,Marine animal medicines,,,,,,
TCM:0201002,Minister Drug,臣药,3,Traditional_Chinese_Medicine.Formulas_and_Preparations.Classical_Formulas.Jingui_Yaolue_Formulas,TCM:0201000,The drug assisting the sovereign drug to strengthen therapeutic effect,,,,,,
TCM:0202002,Jingui Yaolue Formulas,金匮要略方,3,Traditional_Chinese_Medicine.Formulas_and_Preparations.Modern_Formulas.Clinical_Experience_Formulas,TCM:0202000,Formulas from Synopsis of Golden Chamber,,,,,,
TCM:0203002,Purgation Formulas,泻下剂,3,Traditional_Chinese_Medicine.Formulas_and_Preparations.Chinese_Patent_Medicine.Tablets,TCM:0203000,Purgative formulas,,,,,,
TCM:1406200,Zhuang Materia Medica,壮药,3,Traditional_Chinese_Medicine.Ethnic_Traditional_Medicine.Zhuang_Medicine.Zhuang_Materia_Medica,TCM:1406000,Medicinal substances used in Zhuang medicine,,,,,,
TCM:1405200,Miao Materia Medica,苗药,3,Traditional_Chinese_Medicine.Ethnic_Traditional_Medicine.Miao_Medicine.Miao_Materia_Medica,TCM:1405000,Medicinal substances used in Miao medicine,,,,,,
TCM:1404200,Dai Materia Medica,傣药,3,Traditional_Chinese_Medicine.Ethnic_Traditional_Medicine.Dai_Medicine.Dai_Materia_Medica,TCM:1404000,Medicinal substances used in Dai medicine,,,,,,
TCM:0204002,Clinical Experience Formulas,临床经验方,3,Traditional_Chinese_Medicine.Formulas_and_Preparations.External_Preparations.Ointments,TCM:0204000,Clinical experience formulas,,,,,,
TCM:0205002,Tablets,片剂,3,Traditional_Chinese_Medicine.Formulas_and_Preparations.TCM_Injections.Large_Volume_Injections,TCM:0205000,Tablet preparations,,,,,,
TCM:0206002,Ointments,软膏剂,3,Traditional_Chinese_Medicine.Formulas_and_Preparations.External_Preparations.Ointments,TCM:0206000,Medicinal ointments,,,,,,
TCM:0207002,Large Volume Injections,大容量注射剂,3,Traditional_Chinese_Medicine.Formulas_and_Preparations.TCM_Injections.Large_Volume_Injections,TCM:0207000,Large volume infusions,,,,,,
TCM:0301002,Electroacupuncture,电针,3,Traditional_Chinese_Medicine.Therapeutic_Techniques.Acupuncture.Electroacupuncture,TCM:0301000,Electroacupuncture therapy,,,C0013785,,,
TCM:1403200,Uyghur Materia Medica,维药,3,Traditional_Chinese_Medicine.Ethnic_Traditional_Medicine.Uyghur_Medicine.Uyghur_Materia_Medica,TCM:1403000,Medicinal substances used in Uyghur medicine,,,,,,
TCM:0302002,Indirect Moxibustion,间接灸,3,Traditional_Chinese_Medicine.Therapeutic_Techniques.Moxibustion.Indirect_Moxibustion,TCM:0302000,Indirect moxibustion with medium,,,,,,
TCM:0303002,Vacuum Cupping,真空罐,3,Traditional_Chinese_Medicine.Therapeutic_Techniques.Cupping_Therapy.Vacuum_Cupping,TCM:0303000,Vacuum cupping therapy,,,,,,
TCM:0304002,Pediatric Tuina,小儿推拿,3,Traditional_Chinese_Medicine.Therapeutic_Techniques.Tuina_Massage.Pediatric_Tuina,TCM:0304000,Pediatric massage therapy,,,,,,
TCM:0305002,Meridian Guasha,经络刮痧,3,Traditional_Chinese_Medicine.Therapeutic_Techniques.Scraping_Therapy.Meridian_Guasha,TCM:0305000,Meridian-based scraping,,,,,,
TCM:0306002,Yijinjing,易筋经,3,Traditional_Chinese_Medicine.Therapeutic_Techniques.Qigong_Therapy.Yijinjing,TCM:0306000,Muscle-Tendon Change Classic,,,,,,
TCM:0307002,Food Therapy,食物疗法,3,Traditional_Chinese_Medicine.Therapeutic_Techniques.TCM_Dietary_Therapy.Food_Therapy,TCM:0307000,Food-based therapy,,,,,,
TCM:0308002,Point Combination Prescriptions,配穴处方,3,Traditional_Chinese_Medicine.Therapeutic_Techniques.Other_Therapies.Acupoint_Catgut_Embedding,TCM:0308000,Multi-point combination prescriptions,,,,,,
TCM:0309002,Acupoint Catgut Embedding,穴位埋线,3,Traditional_Chinese_Medicine.Therapeutic_Techniques.Other_Therapies.Acupoint_Catgut_Embedding,TCM:0309000,Catgut embedding at acupoints,,,,,,
TCM:0401002,Five Elements Theory,五行学说,3,Traditional_Chinese_Medicine.Theoretical_Concepts.Fundamental_Theories.Five_Elements_Theory,TCM:0401000,Theory of Five Elements (Wuxing),,,,,,
TCM:0402002,Six Fu Organs,六腑,3,Traditional_Chinese_Medicine.Theoretical_Concepts.Zang_Fu_Organs.Six_Fu_Organs,TCM:0402000,"Gallbladder, Stomach, Small Intestine, Large Intestine, Bladder, San Jiao",,,,,,
TCM:0403002,Eight Extraordinary Vessels,奇经八脉,3,Traditional_Chinese_Medicine.Theoretical_Concepts.Meridians_and_Collaterals.Eight_Extraordinary_Vessels,TCM:0403000,The eight extraordinary vessels,,,,,,
TCM:0404002,Blood Concepts,血,3,Traditional_Chinese_Medicine.Theoretical_Concepts.Qi_Blood_Body_Fluids.Blood_Concepts,TCM:0404000,Blood (Xue) in TCM,,,,,,
TCM:0405002,Qi Deficiency Constitution,气虚质,3,Traditional_Chinese_Medicine.Theoretical_Concepts.TCM_Constitution_Types.Qi_Deficiency_Constitution,TCM:0405000,Qi deficiency constitution,,,,,,
TCM:0406002,Seven Emotions,七情,3,Traditional_Chinese_Medicine.Theoretical_Concepts.TCM_Etiology.Seven_Emotions,TCM:0406000,"Joy, Anger, Worry, Pensiveness, Sadness, Fear, Fright",,,,,,
TCM:0101002,Stem Drugs,茎木类药,3,Traditional_Chinese_Medicine.Materia_Medica.Herbal_Medicine.Stem_Drugs,TCM:0101000,Medicinal stems and woods,,,,,,
TCM:1402200,Mongolian Materia Medica,蒙药,3,Traditional_Chinese_Medicine.Ethnic_Traditional_Medicine.Mongolian_Medicine.Mongolian_Materia_Medica,TCM:1402000,Medicinal substances used in Mongolian medicine,,,,,,
TCM:0407002,Pathogenesis of Blood,血病病机,3,Traditional_Chinese_Medicine.Theoretical_Concepts.TCM_Pathogenesis.Pathogenesis_of_Blood,TCM:0407000,Blood-related pathomechanisms,,,,,,
TCM:0501002,Complexion Observation,望面色,3,Traditional_Chinese_Medicine.Diagnostic_Methods.Inspection_Diagnosis.Complexion_Observation,TCM:0501000,Facial complexion observation,,,,,,
TCM:0502002,Breathing Assessment,听呼吸,3,Traditional_Chinese_Medicine.Diagnostic_Methods.Auscultation_and_Olfaction.Breathing_Assessment,TCM:0502000,Listening to breathing,,,,,,
TCM:0503002,Chief Complaint Inquiry,主诉询问,3,Traditional_Chinese_Medicine.Diagnostic_Methods.Inquiry_Diagnosis.Chief_Complaint_Inquiry,TCM:0503000,Chief complaint assessment,,,,,,
TCM:0504002,28 Pulse Types,二十八脉,3,Traditional_Chinese_Medicine.Diagnostic_Methods.Pulse_Diagnosis.28_Pulse_Types,TCM:0504000,The 28 classical pulse types,,,,,,
TCM:0505002,Zang-Fu Differentiation,脏腑辨证,3,Traditional_Chinese_Medicine.Diagnostic_Methods.Pattern_Identification.Zang_Fu_Differentiation,TCM:0505000,Organ pattern differentiation,,,,,,
TCM:0506002,Pulse Wave Analyzers,脉诊仪,3,Traditional_Chinese_Medicine.Diagnostic_Methods.TCM_Diagnostic_Devices.Pulse_Wave_Analyzers,TCM:0506000,Pulse wave analysis devices,,,,,,
TCM:0601002,Internal Diseases,内伤病,3,Traditional_Chinese_Medicine.Diseases_and_Patterns.TCM_Disease_Entities.Internal_Diseases,TCM:0601000,Internal injury diseases,,,,,,
TCM:0602002,Excess Patterns,实证,3,Traditional_Chinese_Medicine.Diseases_and_Patterns.TCM_Syndrome_Patterns.Excess_Patterns,TCM:0602000,Excess syndrome patterns,,,,,,
TCM:0701002,Extra Points,经外奇穴,3,Traditional_Chinese_Medicine.Anatomical_Concepts.Acupoints.Extra_Points,TCM:0701000,Extra-meridian points,,,,,,
TCM:0702002,Neck and Nape,颈项部,3,Traditional_Chinese_Medicine.Anatomical_Concepts.Body_Regions.Neck_and_Nape,TCM:0702000,Neck regions,,,,,,
TCM:0703002,Nine Orifices,九窍,3,Traditional_Chinese_Medicine.Anatomical_Concepts.Orifices_and_Tissues.Nine_Orifices,TCM:0703000,The nine body orifices,,,,,,
TCM:0801002,Five Flavors,五味,3,Traditional_Chinese_Medicine.TCM_Pharmacology.Drug_Properties.Five_Flavors,TCM:0801000,"Sour, Bitter, Sweet, Pungent, Salty",,,,,,
TCM:1401200,Tibetan Materia Medica,藏药,3,Traditional_Chinese_Medicine.Ethnic_Traditional_Medicine.Tibetan_Medicine.Tibetan_Materia_Medica,TCM:1401000,Medicinal substances used in Tibetan medicine,,,,,,
TCM:1306002,Early Treatment of Existing Disease,既病防变,3,Traditional_Chinese_Medicine.Health_Preservation_and_Prevention.Preventive_Treatment_of_Disease.Early_Treatment_of_Existing_Disease,TCM:1306000,Preventing progression of existing disease,,,,,,
TCM:1305002,Work-Rest Balance,劳逸适度,3,Traditional_Chinese_Medicine.Health_Preservation_and_Prevention.Daily_Life_Health_Preservation.Work_Rest_Balance,TCM:1305000,Balancing work and rest,,,,,,
TCM:1304002,Health-preserving Exercises,养生功法,3,Traditional_Chinese_Medicine.Health_Preservation_and_Prevention.Exercise_Health_Preservation.Health_preserving_Exercises,TCM:1304000,Various traditional exercise forms for health,,,,,,
TCM:1303002,Constitution-based Diet,体质饮食,3,Traditional_Chinese_Medicine.Health_Preservation_and_Prevention.Dietary_Health_Preservation.Constitution_based_Diet,TCM:1303000,Dietary recommendations based on constitution type,,,,,,
TCM:0802002,Heat-Clearing Drugs,清热药,3,Traditional_Chinese_Medicine.TCM_Pharmacology.Drug_Actions.Heat_Clearing_Drugs,TCM:0802000,Drugs that clear heat,,,,,,
TCM:1302002,Meditation and Stillness,静坐养神,3,Traditional_Chinese_Medicine.Health_Preservation_and_Prevention.Emotional_Health_Preservation.Meditation_and_Stillness,TCM:1302000,Meditation and mental quieting practices,,,,,,
TCM:1301002,Summer Health Preservation,夏季养生,3,Traditional_Chinese_Medicine.Health_Preservation_and_Prevention.Seasonal_Health_Preservation.Summer_Health_Preservation,TCM:1301000,Protecting heart and clearing heat in summer,,,,,,
TCM:1203002,Activating Blood,活血法,3,Traditional_Chinese_Medicine.Treatment_Principles_and_Methods.Specific_Treatment_Strategies.Activating_Blood,TCM:1203000,Strategies for activating blood and resolving stasis,,,,,,
TCM:1202002,Emesis Method,吐法,3,Traditional_Chinese_Medicine.Treatment_Principles_and_Methods.Eight_Therapeutic_Methods.Emesis_Method,TCM:1202000,Inducing vomiting to expel pathogens,,,,,,
TCM:1201002,Strengthening Zheng and Expelling Evil,扶正祛邪,3,Traditional_Chinese_Medicine.Treatment_Principles_and_Methods.General_Treatment_Principles.Strengthening_Zheng_and_Expelling_Evil,TCM:1201000,Supporting the body's resistance and eliminating pathogens,,,,,,
TCM:1104002,WHO ICD-11 TM Module,WHO ICD-11传统医学模块,3,Traditional_Chinese_Medicine.Regulatory_and_Standards.International_Standards.WHO_ICD_11_TM_Module,TCM:1104000,WHO International Classification of Traditional Medicine,,,,,,
TCM:1103002,Certification Standards,资格认证,3,Traditional_Chinese_Medicine.Regulatory_and_Standards.TCM_Education_Standards.Certification_Standards,TCM:1103000,Professional certification standards,,,,,,
TCM:1102002,Technique Guidelines,技术操作规范,3,Traditional_Chinese_Medicine.Regulatory_and_Standards.TCM_Practice_Guidelines.Technique_Guidelines,TCM:1102000,Technical operation guidelines,,,,,,
TCM:1101002,Provincial Standards,地方标准,3,Traditional_Chinese_Medicine.Regulatory_and_Standards.TCM_Pharmacopoeia_Standards.Provincial_Standards,TCM:1101000,Provincial drug standards,,,,,,
TCM:1005002,Taiping Huimin Heji Ju Fang,太平惠民和剂局方,3,Traditional_Chinese_Medicine.Classical_Texts_and_Heritage.Formula_Classics.Taiping_Huimin_Heji_Ju_Fang,TCM:1005000,Formulary of the Pharmacy Service for Benefiting the People,,,,,,
TCM:1004002,Modern Physicians,近现代名医,3,Traditional_Chinese_Medicine.Classical_Texts_and_Heritage.Famous_TCM_Practitioners.Modern_Physicians,TCM:1004000,Modern era master physicians,,,,,,
TCM:1003002,Attack-Purge School,攻下派,3,Traditional_Chinese_Medicine.Classical_Texts_and_Heritage.TCM_Schools_of_Thought.Attack_Purge_School,TCM:1003000,"School emphasizing attack and purging, represented by Zhang Congzheng",,,,,,
TCM:1002002,Bencao Gangmu,本草纲目,3,Traditional_Chinese_Medicine.Classical_Texts_and_Heritage.Herbal_Classics.Bencao_Gangmu,TCM:1002000,Compendium of Materia Medica by Li Shizhen,,,,,,
TCM:0803002,Cutting Methods,切制,3,Traditional_Chinese_Medicine.TCM_Pharmacology.Drug_Processing_Methods.Cutting_Methods,TCM:0803000,Cutting and slicing methods,,,,,,
TCM:1001002,Nanjing,难经,3,Traditional_Chinese_Medicine.Classical_Texts_and_Heritage.Medical_Classics.Nanjing,TCM:1001000,Classic of Difficult Issues,,,,,,
TCM:0804002,Eighteen Incompatibilities,十八反,3,Traditional_Chinese_Medicine.TCM_Pharmacology.Drug_Compatibility.Eighteen_Incompatibilities,TCM:0804000,Eighteen incompatible combinations,,,,,,
TCM:0805002,Toxic Drugs,有毒药物,3,Traditional_Chinese_Medicine.TCM_Pharmacology.Drug_Toxicity.Toxic_Drugs,TCM:0805000,Moderately toxic drugs,,,,,,
TCM:0901002,Integrative Treatment,结合治疗,3,Traditional_Chinese_Medicine.Integration_and_Modernization.Integrated_TCM_Western_Medicine.Integrative_Treatment,TCM:0901000,Combined treatment approaches,,,,,,
TCM:1303003,Seasonal Diet,时令饮食,3,Traditional_Chinese_Medicine.Health_Preservation_and_Prevention.Dietary_Health_Preservation.Seasonal_Diet,TCM:1303000,Seasonal dietary adjustments,,,,,,
TCM:0202003,Wenbing Formulas,温病方,3,Traditional_Chinese_Medicine.Formulas_and_Preparations.Modern_Formulas.Research_Formulas,TCM:0202000,Formulas for warm diseases,,,,,,
TCM:0805003,Slightly Toxic Drugs,小毒药物,3,Traditional_Chinese_Medicine.TCM_Pharmacology.Drug_Toxicity.Slightly_Toxic_Drugs,TCM:0805000,Slightly toxic drugs,,,,,,
TCM:0401003,Essence-Qi-Spirit Theory,精气神学说,3,Traditional_Chinese_Medicine.Theoretical_Concepts.Fundamental_Theories.Essence_Qi_Spirit_Theory,TCM:0401000,"Theory of Essence, Qi, and Spirit",,,,,,
TCM:1101003,Industry Standards,行业标准,3,Traditional_Chinese_Medicine.Regulatory_and_Standards.TCM_Pharmacopoeia_Standards.Industry_Standards,TCM:1101000,Industry standards,,,,,,
TCM:0103003,Sulfide Minerals,硫化物矿物药,3,Traditional_Chinese_Medicine.Materia_Medica.Mineral_Medicine.Sulfide_Minerals,TCM:0103000,Sulfide minerals,,,,,,
TCM:0405003,Yang Deficiency Constitution,阳虚质,3,Traditional_Chinese_Medicine.Theoretical_Concepts.TCM_Constitution_Types.Yang_Deficiency_Constitution,TCM:0405000,Yang deficiency constitution,,,,,,
TCM:0301003,Scalp Acupuncture,头针,3,Traditional_Chinese_Medicine.Therapeutic_Techniques.Acupuncture.Scalp_Acupuncture,TCM:0301000,Scalp acupuncture therapy,,,,,,
TCM:0603003,Spleen-related Symptoms,脾系症状,3,Traditional_Chinese_Medicine.Diseases_and_Patterns.TCM_Symptoms_and_Signs.Digestive_Symptoms,TCM:0603000,Symptoms related to the Spleen system,,,,,,
TCM:1301003,Autumn Health Preservation,秋季养生,3,Traditional_Chinese_Medicine.Health_Preservation_and_Prevention.Seasonal_Health_Preservation.Autumn_Health_Preservation,TCM:1301000,Moistening lung and nourishing yin in autumn,,,,,,
TCM:0203003,Harmonizing Formulas,和解剂,3,Traditional_Chinese_Medicine.Formulas_and_Preparations.Chinese_Patent_Medicine.Capsules,TCM:0203000,Formulas that harmonize and mediate,,,,,,
TCM:0207003,Powder for Injection,注射用粉针,3,Traditional_Chinese_Medicine.Formulas_and_Preparations.TCM_Injections.Powder_for_Injection,TCM:0207000,Lyophilized powder for injection,,,,,,
TCM:1102003,Safety Guidelines,安全性规范,3,Traditional_Chinese_Medicine.Regulatory_and_Standards.TCM_Practice_Guidelines.Safety_Guidelines,TCM:1102000,Safety guidelines,,,,,,
TCM:0403003,Fifteen Collaterals,十五络脉,3,Traditional_Chinese_Medicine.Theoretical_Concepts.Meridians_and_Collaterals.Fifteen_Collaterals,TCM:0403000,The fifteen collateral channels,,,,,,
TCM:0102003,Bone and Horn Drugs,骨角类药,3,Traditional_Chinese_Medicine.Materia_Medica.Animal_derived_Medicine.Bone_and_Horn_Drugs,TCM:0102000,Medicinal bones and horns,,,,,,
TCM:1103003,Continuing Education,继续教育,3,Traditional_Chinese_Medicine.Regulatory_and_Standards.TCM_Education_Standards.Continuing_Education,TCM:1103000,Continuing education standards,,,,,,
TCM:0503003,Medical History Inquiry,病史询问,3,Traditional_Chinese_Medicine.Diagnostic_Methods.Inquiry_Diagnosis.Medical_History_Inquiry,TCM:0503000,Medical history assessment,,,,,,
TCM:1203003,Resolving Phlegm,化痰法,3,Traditional_Chinese_Medicine.Treatment_Principles_and_Methods.Specific_Treatment_Strategies.Resolving_Phlegm,TCM:1203000,Strategies for transforming and resolving phlegm,,,,,,
TCM:0901003,Integrative Oncology,中西医结合肿瘤学,3,Traditional_Chinese_Medicine.Integration_and_Modernization.Integrated_TCM_Western_Medicine.Integrative_Oncology,TCM:0901000,Integrative cancer treatment,,,,,,
TCM:0206003,Liniments,搽剂,3,Traditional_Chinese_Medicine.Formulas_and_Preparations.External_Preparations.Liniments,TCM:0206000,Liniment preparations,,,,,,
TCM:1405300,Miao Therapeutic Techniques,苗医治疗技术,3,Traditional_Chinese_Medicine.Ethnic_Traditional_Medicine.Miao_Medicine.Miao_Therapeutic_Techniques,TCM:1405000,Treatment methods in Miao medicine,,,,,,
TCM:1404300,Dai Therapeutic Techniques,傣医治疗技术,3,Traditional_Chinese_Medicine.Ethnic_Traditional_Medicine.Dai_Medicine.Dai_Therapeutic_Techniques,TCM:1404000,Treatment methods in Dai medicine,,,,,,
TCM:0204003,Research Formulas,科研方剂,3,Traditional_Chinese_Medicine.Formulas_and_Preparations.External_Preparations.Liniments,TCM:0204000,Research-developed formulas,,,,,,
TCM:0406003,Dietary Factors,饮食因素,3,Traditional_Chinese_Medicine.Theoretical_Concepts.TCM_Etiology.Dietary_Factors,TCM:0406000,Diet-related disease causes,,,,,,
TCM:1202003,Purgation Method,下法,3,Traditional_Chinese_Medicine.Treatment_Principles_and_Methods.Eight_Therapeutic_Methods.Purgation_Method,TCM:1202000,Purging to remove pathogenic accumulations,,,,,,
TCM:0804003,Nineteen Fears,十九畏,3,Traditional_Chinese_Medicine.TCM_Pharmacology.Drug_Compatibility.Nineteen_Fears,TCM:0804000,Nineteen mutually fearing combinations,,,,,,
TCM:0802003,Purgative Drugs,泻下药,3,Traditional_Chinese_Medicine.TCM_Pharmacology.Drug_Actions.Purgative_Drugs,TCM:0802000,"Purgative drugs including drastic purgatives, moist laxatives, and harsh cathartics",,,,,,
TCM:0502003,Cough Assessment,听咳嗽,3,Traditional_Chinese_Medicine.Diagnostic_Methods.Auscultation_and_Olfaction.Cough_Assessment,TCM:0502000,Listening to cough,,,,,,
TCM:0205003,Capsules,胶囊剂,3,Traditional_Chinese_Medicine.Formulas_and_Preparations.TCM_Injections.Powder_for_Injection,TCM:0205000,Capsule preparations,,,,,,
TCM:1201003,Regulating Yin and Yang,调整阴阳,3,Traditional_Chinese_Medicine.Treatment_Principles_and_Methods.General_Treatment_Principles.Regulating_Yin_and_Yang,TCM:1201000,Restoring the balance of Yin and Yang,,,,,,
TCM:0501003,Body Observation,望形态,3,Traditional_Chinese_Medicine.Diagnostic_Methods.Inspection_Diagnosis.Body_Observation,TCM:0501000,Body form and posture observation,,,,,,
TCM:0407003,Pathogenesis of Body Fluids,津液病机,3,Traditional_Chinese_Medicine.Theoretical_Concepts.TCM_Pathogenesis.Pathogenesis_of_Body_Fluids,TCM:0407000,Fluid-related pathomechanisms,,,,,,
TCM:0601003,Gynecological Diseases,妇科病,3,Traditional_Chinese_Medicine.Diseases_and_Patterns.TCM_Disease_Entities.Gynecological_Diseases,TCM:0601000,Gynecological diseases,,,,,,
TCM:0404003,Body Fluids Concepts,津液,3,Traditional_Chinese_Medicine.Theoretical_Concepts.Qi_Blood_Body_Fluids.Body_Fluids_Concepts,TCM:0404000,Jin and Ye fluids,,,,,,
TCM:0701003,Ashi Points,阿是穴,3,Traditional_Chinese_Medicine.Anatomical_Concepts.Acupoints.Ashi_Points,TCM:0701000,Tender points,,,,,,
TCM:0402003,Extraordinary Organs,奇恒之腑,3,Traditional_Chinese_Medicine.Theoretical_Concepts.Zang_Fu_Organs.Extraordinary_Organs,TCM:0402000,"Brain, Marrow, Bone, Vessels, Gallbladder, Uterus",,,,,,
TCM:0904003,Fingerprint Analysis,指纹图谱,3,Traditional_Chinese_Medicine.Integration_and_Modernization.TCM_Quality_Control.Fingerprint_Analysis,TCM:0904000,Chromatographic fingerprinting,,,,,,
TCM:1002003,Xinxiu Bencao,新修本草,3,Traditional_Chinese_Medicine.Classical_Texts_and_Heritage.Herbal_Classics.Xinxiu_Bencao,TCM:1002000,Newly Revised Materia Medica (Tang dynasty official pharmacopoeia),,,,,,
TCM:0309003,Acupoint Injection,穴位注射,3,Traditional_Chinese_Medicine.Therapeutic_Techniques.Other_Therapies.Acupoint_Injection,TCM:0309000,Point injection therapy,,,,,,
TCM:0101003,Bark Drugs,皮类药,3,Traditional_Chinese_Medicine.Materia_Medica.Herbal_Medicine.Bark_Drugs,TCM:0101000,Medicinal barks,,,,,,
TCM:0803003,Stir-Frying Methods,炒制,3,Traditional_Chinese_Medicine.TCM_Pharmacology.Drug_Processing_Methods.Stir_Frying_Methods,TCM:0803000,Stir-frying methods,,,,,,
TCM:0702003,Chest and Abdomen,胸腹部,3,Traditional_Chinese_Medicine.Anatomical_Concepts.Body_Regions.Chest_and_Abdomen,TCM:0702000,Trunk regions,,,,,,
TCM:0506003,Complexion Analyzers,面诊仪,3,Traditional_Chinese_Medicine.Diagnostic_Methods.TCM_Diagnostic_Devices.Complexion_Analyzers,TCM:0506000,Facial complexion analyzers,,,,,,
TCM:0905003,Outcome Measures,疗效评价,3,Traditional_Chinese_Medicine.Integration_and_Modernization.TCM_Clinical_Research.Outcome_Measures,TCM:0905000,Outcome assessment methods,,,,,,
TCM:1003003,Yishui School,易水学派,3,Traditional_Chinese_Medicine.Classical_Texts_and_Heritage.TCM_Schools_of_Thought.Spleen_Stomach_School,TCM:1003000,"School emphasizing spleen-stomach and internal organ theory, founded by Zhang Yuansu",,,,,,
TCM:0308003,Specific Point Groups,特定穴组方,3,Traditional_Chinese_Medicine.Therapeutic_Techniques.Other_Therapies.Acupoint_Injection,TCM:0308000,"Prescriptions using specific point categories (Five Shu, Yuan-Luo, etc.)",,,,,,
TCM:0602003,Cold Patterns,寒证,3,Traditional_Chinese_Medicine.Diseases_and_Patterns.TCM_Syndrome_Patterns.Cold_Patterns,TCM:0602000,Cold syndrome patterns,,,,,,
TCM:1001003,Shanghan Lun,伤寒论,3,Traditional_Chinese_Medicine.Classical_Texts_and_Heritage.Medical_Classics.Shanghan_Lun,TCM:1001000,Treatise on Cold Damage by Zhang Zhongjing,,,,,,
TCM:0703003,Five Body Tissues,五体,3,Traditional_Chinese_Medicine.Anatomical_Concepts.Orifices_and_Tissues.Five_Body_Tissues,TCM:0703000,"Skin, flesh, vessels, tendons, bones",,,,,,
TCM:0307003,Tea Therapy,茶疗,3,Traditional_Chinese_Medicine.Therapeutic_Techniques.TCM_Dietary_Therapy.Tea_Therapy,TCM:0307000,Medicinal tea therapy,,,,,,
TCM:1407003,Korean Medicine (Chaoxian),朝医药,3,Traditional_Chinese_Medicine.Ethnic_Traditional_Medicine.Other_Ethnic_Medicines.Korean_Medicine__Chaoxian,TCM:1407000,Traditional medicine of the Korean ethnic group in China,,,,,,
TCM:0505003,Qi-Blood Differentiation,气血辨证,3,Traditional_Chinese_Medicine.Diagnostic_Methods.Pattern_Identification.Qi_Blood_Differentiation,TCM:0505000,Qi and Blood pattern differentiation,,,,,,
TCM:1004003,National TCM Masters,国医大师,3,Traditional_Chinese_Medicine.Classical_Texts_and_Heritage.Famous_TCM_Practitioners.National_TCM_Masters,TCM:1004000,Contemporary national TCM masters,,,,,,
TCM:0801003,Channel Tropism,归经,3,Traditional_Chinese_Medicine.TCM_Pharmacology.Drug_Properties.Channel_Tropism,TCM:0801000,Meridian affinity of drugs,,,,,,
TCM:0504003,Abdominal Palpation,腹诊,3,Traditional_Chinese_Medicine.Diagnostic_Methods.Pulse_Diagnosis.Abdominal_Palpation,TCM:0504000,Abdominal examination,,,,,,
TCM:0306003,Wuqinxi,五禽戏,3,Traditional_Chinese_Medicine.Therapeutic_Techniques.Qigong_Therapy.Wuqinxi,TCM:0306000,Five Animals Frolics,,,,,,
TCM:0305003,Holographic Guasha,全息刮痧,3,Traditional_Chinese_Medicine.Therapeutic_Techniques.Scraping_Therapy.Holographic_Guasha,TCM:0305000,Holographic scraping therapy,,,,,,
TCM:1406300,Zhuang Therapeutic Techniques,壮医治疗技术,3,Traditional_Chinese_Medicine.Ethnic_Traditional_Medicine.Zhuang_Medicine.Zhuang_Therapeutic_Techniques,TCM:1406000,Treatment methods in Zhuang medicine,,,,,,
TCM:1402300,Mongolian Therapeutic Techniques,蒙医治疗技术,3,Traditional_Chinese_Medicine.Ethnic_Traditional_Medicine.Mongolian_Medicine.Mongolian_Therapeutic_Techniques,TCM:1402000,Treatment methods in Mongolian medicine,,,,,,
TCM:0304003,Orthopedic Manipulation,正骨手法,3,Traditional_Chinese_Medicine.Therapeutic_Techniques.Tuina_Massage.Orthopedic_Manipulation,TCM:0304000,Bone-setting manipulation,,,,,,
TCM:0106003,Marine Mineral Drugs,海洋矿物药,3,Traditional_Chinese_Medicine.Materia_Medica.Marine_Medicine.Marine_Mineral_Drugs,TCM:0106000,Marine mineral medicines,,,,,,
TCM:1306003,Prevention of Recurrence,瘥后防复,3,Traditional_Chinese_Medicine.Health_Preservation_and_Prevention.Preventive_Treatment_of_Disease.Prevention_of_Recurrence,TCM:1306000,Preventing recurrence after recovery,,,,,,
TCM:1005003,Puji Fang,普济方,3,Traditional_Chinese_Medicine.Classical_Texts_and_Heritage.Formula_Classics.Puji_Fang,TCM:1005000,Prescriptions for Universal Relief,,,,,,
TCM:1401300,Tibetan Therapeutic Techniques,藏医治疗技术,3,Traditional_Chinese_Medicine.Ethnic_Traditional_Medicine.Tibetan_Medicine.Tibetan_Therapeutic_Techniques,TCM:1401000,Treatment methods in Tibetan medicine,,,,,,
TCM:0303003,Wet Cupping,刺血拔罐,3,Traditional_Chinese_Medicine.Therapeutic_Techniques.Cupping_Therapy.Wet_Cupping,TCM:0303000,Bloodletting cupping,,,,,,
TCM:1305003,Sexual Health Preservation,房事养生,3,Traditional_Chinese_Medicine.Health_Preservation_and_Prevention.Daily_Life_Health_Preservation.Sexual_Health_Preservation,TCM:1305000,Health preservation through regulated sexual activity,,,,,,
TCM:0903003,TCM Data Mining,中医数据挖掘,3,Traditional_Chinese_Medicine.Integration_and_Modernization.TCM_Informatics.TCM_Data_Mining,TCM:0903000,Data mining in TCM,,,,,,
TCM:0201003,Assistant Drug,佐药,3,Traditional_Chinese_Medicine.Formulas_and_Preparations.Classical_Formulas.Wenbing_Formulas,TCM:0201000,The drug that treats accompanying symptoms or moderates toxicity,,,,,,
TCM:0105003,Flavonoids,黄酮类,3,Traditional_Chinese_Medicine.Materia_Medica.TCM_Active_Ingredients.Flavonoids,TCM:0105000,Flavonoid compounds,,,C0596577,,,
TCM:0104003,Decoction-ready Pieces,煎服饮片,3,Traditional_Chinese_Medicine.Materia_Medica.Chinese_Herbal_Pieces.Decoction_ready_Pieces,TCM:0104000,Ready-to-decoct pieces,,,,,,
TCM:0302003,Moxa Stick Moxibustion,艾条灸,3,Traditional_Chinese_Medicine.Therapeutic_Techniques.Moxibustion.Moxa_Stick_Moxibustion,TCM:0302000,Moxa stick therapy,,,,,,
TCM:1403300,Uyghur Therapeutic Techniques,维医治疗技术,3,Traditional_Chinese_Medicine.Ethnic_Traditional_Medicine.Uyghur_Medicine.Uyghur_Therapeutic_Techniques,TCM:1403000,Treatment methods in Uyghur medicine,,,,,,
TCM:0506004,Constitution Assessment Systems,体质辨识系统,3,Traditional_Chinese_Medicine.Diagnostic_Methods.TCM_Diagnostic_Devices.Constitution_Assessment_Systems,TCM:0506000,Constitution type assessment systems,,,,,,
TCM:0403004,Twelve Muscle Regions,十二经筋,3,Traditional_Chinese_Medicine.Theoretical_Concepts.Meridians_and_Collaterals.Twelve_Muscle_Regions,TCM:0403000,The twelve muscle regions,,,,,,
TCM:0601004,Pediatric Diseases,儿科病,3,Traditional_Chinese_Medicine.Diseases_and_Patterns.TCM_Disease_Entities.Pediatric_Diseases,TCM:0601000,Pediatric diseases,,,,,,
TCM:0101004,Leaf Drugs,叶类药,3,Traditional_Chinese_Medicine.Materia_Medica.Herbal_Medicine.Leaf_Drugs,TCM:0101000,Medicinal leaves,,,,,,
TCM:0402004,Zang-Fu Relationships,脏腑关系,3,Traditional_Chinese_Medicine.Theoretical_Concepts.Zang_Fu_Organs.Zang_Fu_Relationships,TCM:0402000,Interrelationships among organs,,,,,,
TCM:1401400,Tibetan Medical Classics,藏医经典,3,Traditional_Chinese_Medicine.Ethnic_Traditional_Medicine.Tibetan_Medicine.Tibetan_Medical_Classics,TCM:1401000,Classical texts of Tibetan medicine,,,,,,
TCM:0104004,Granule Pieces,配方颗粒,3,Traditional_Chinese_Medicine.Materia_Medica.Chinese_Herbal_Pieces.Granule_Pieces,TCM:0104000,Herbal granules,,,,,,
TCM:0602004,Heat Patterns,热证,3,Traditional_Chinese_Medicine.Diseases_and_Patterns.TCM_Syndrome_Patterns.Heat_Patterns,TCM:0602000,Heat syndrome patterns,,,,,,
TCM:0401004,Holism Theory,整体观念,3,Traditional_Chinese_Medicine.Theoretical_Concepts.Fundamental_Theories.Holism_Theory,TCM:0401000,Holistic concept in TCM,,,,,,
TCM:0204004,Washes,洗剂,3,Traditional_Chinese_Medicine.Formulas_and_Preparations.External_Preparations.Washes,TCM:0204000,Wash preparations,,,,,,
TCM:0603004,Lung-related Symptoms,肺系症状,3,Traditional_Chinese_Medicine.Diseases_and_Patterns.TCM_Symptoms_and_Signs.Respiratory_Symptoms,TCM:0603000,Symptoms related to the Lung system,,,,,,
TCM:0309004,Fumigation Therapy,熏洗疗法,3,Traditional_Chinese_Medicine.Therapeutic_Techniques.Other_Therapies.Fumigation_Therapy,TCM:0309000,Herbal fumigation and washing,,,,,,
TCM:0903004,Network Pharmacology,网络药理学,3,Traditional_Chinese_Medicine.Integration_and_Modernization.TCM_Informatics.Network_Pharmacology,TCM:0903000,Network pharmacology research,,,,,,
TCM:0701004,Auricular Points,耳穴,3,Traditional_Chinese_Medicine.Anatomical_Concepts.Acupoints.Auricular_Points,TCM:0701000,Ear acupoints,,,,,,
TCM:0308004,Classical Acupuncture Formulas,经典针方,3,Traditional_Chinese_Medicine.Therapeutic_Techniques.Other_Therapies.Fumigation_Therapy,TCM:0308000,Time-tested acupuncture point combinations,,,,,,
TCM:0702004,Back and Lumbar,背腰部,3,Traditional_Chinese_Medicine.Anatomical_Concepts.Body_Regions.Back_and_Lumbar,TCM:0702000,Back regions,,,,,,
TCM:0307004,Medicinal Wine,药酒,3,Traditional_Chinese_Medicine.Therapeutic_Techniques.TCM_Dietary_Therapy.Medicinal_Wine,TCM:0307000,Medicinal wine therapy,,,,,,
TCM:0803004,Calcining Methods,煅制,3,Traditional_Chinese_Medicine.TCM_Pharmacology.Drug_Processing_Methods.Calcining_Methods,TCM:0803000,Calcination methods,,,,,,
TCM:0306004,Liuzijue,六字诀,3,Traditional_Chinese_Medicine.Therapeutic_Techniques.Qigong_Therapy.Liuzijue,TCM:0306000,Six Healing Sounds,,,,,,
TCM:0801004,Ascending-Descending-Floating-Sinking,升降浮沉,3,Traditional_Chinese_Medicine.TCM_Pharmacology.Drug_Properties.Ascending_Descending_Floating_Sinking,TCM:0801000,Directional properties of drugs,,,,,,
TCM:0304004,Acupoint Massage,穴位按摩,3,Traditional_Chinese_Medicine.Therapeutic_Techniques.Tuina_Massage.Acupoint_Massage,TCM:0304000,Acupoint pressure massage,,,,,,
TCM:0303004,Moving Cupping,走罐,3,Traditional_Chinese_Medicine.Therapeutic_Techniques.Cupping_Therapy.Moving_Cupping,TCM:0303000,Sliding cupping therapy,,,,,,
TCM:0302004,Warm Needle Moxibustion,温针灸,3,Traditional_Chinese_Medicine.Therapeutic_Techniques.Moxibustion.Warm_Needle_Moxibustion,TCM:0302000,Combined acupuncture and moxibustion,,,,,,
TCM:0103004,Salt Minerals,盐类矿物药,3,Traditional_Chinese_Medicine.Materia_Medica.Mineral_Medicine.Salt_Minerals,TCM:0103000,Salt minerals,,,,,,
TCM:0301004,Auricular Acupuncture,耳针,3,Traditional_Chinese_Medicine.Therapeutic_Techniques.Acupuncture.Auricular_Acupuncture,TCM:0301000,Ear acupuncture therapy,,,,,,
TCM:1301004,Winter Health Preservation,冬季养生,3,Traditional_Chinese_Medicine.Health_Preservation_and_Prevention.Seasonal_Health_Preservation.Winter_Health_Preservation,TCM:1301000,Tonifying kidney and storing essence in winter,,,,,,
TCM:0206004,Washes,洗剂,3,Traditional_Chinese_Medicine.Formulas_and_Preparations.External_Preparations.Washes,TCM:0206000,Wash preparations,,,,,,
TCM:1203004,Calming Spirit,安神法,3,Traditional_Chinese_Medicine.Treatment_Principles_and_Methods.Specific_Treatment_Strategies.Calming_Spirit,TCM:1203000,Strategies for calming the spirit and mind,,,,,,
TCM:1202004,Harmonization Method,和法,3,Traditional_Chinese_Medicine.Treatment_Principles_and_Methods.Eight_Therapeutic_Methods.Harmonization_Method,TCM:1202000,Harmonizing to resolve conflicts between pathogenic and healthy Qi,,,,,,
TCM:0205004,Granules,颗粒剂,3,Traditional_Chinese_Medicine.Formulas_and_Preparations.Chinese_Patent_Medicine.Granules,TCM:0205000,Granule preparations,,,,,,
TCM:1201004,"Adapting to Season, Region, and Person",因时因地因人制宜,3,Traditional_Chinese_Medicine.Treatment_Principles_and_Methods.General_Treatment_Principles.Adapting_to_Season__Region__and_Person,TCM:1201000,"Individualizing treatment based on time, locality, and constitution",,,,,,
TCM:0804004,Herb Pairs,药对,3,Traditional_Chinese_Medicine.TCM_Pharmacology.Drug_Compatibility.Herb_Pairs,TCM:0804000,Classical two-herb combinations with synergistic effects,,,,,,
TCM:0802004,Dampness-Resolving Drugs,化湿药,3,Traditional_Chinese_Medicine.TCM_Pharmacology.Drug_Actions.Dampness_Resolving_Drugs,TCM:0802000,"Aromatic dampness-resolving drugs (e.g., 藿香, 苍术, 厚朴, 砂仁)",,,,,,
TCM:0102004,Animal Secretion Drugs,动物分泌物类药,3,Traditional_Chinese_Medicine.Materia_Medica.Animal_derived_Medicine.Animal_Secretion_Drugs,TCM:0102000,Animal secretions and excretions,,,,,,
TCM:0203004,Heat-Clearing Formulas,清热剂,3,Traditional_Chinese_Medicine.Formulas_and_Preparations.Chinese_Patent_Medicine.Granules,TCM:0203000,Formulas that clear heat,,,,,,
TCM:0901004,Integrative Emergency Medicine,中西医结合急诊,3,Traditional_Chinese_Medicine.Integration_and_Modernization.Integrated_TCM_Western_Medicine.Integrative_Emergency_Medicine,TCM:0901000,Integrative emergency and critical care,,,,,,
TCM:0202004,Taiping Huimin Formulas,太平惠民方,3,Traditional_Chinese_Medicine.Formulas_and_Preparations.Classical_Formulas.Taiping_Huimin_Formulas,TCM:0202000,Formulas from Taiping Benevolent Dispensary,,,,,,
TCM:0201004,Guide Drug,使药,3,Traditional_Chinese_Medicine.Formulas_and_Preparations.Classical_Formulas.Taiping_Huimin_Formulas,TCM:0201000,The drug that directs the formula to the target site or harmonizes,,,,,,
TCM:1005004,Yifang Jijie,医方集解,3,Traditional_Chinese_Medicine.Classical_Texts_and_Heritage.Formula_Classics.Yifang_Jijie,TCM:1005000,Collected Explanations of Medical Formulas by Wang Ang,,,,,,
TCM:0805004,Pregnancy Contraindications,妊娠禁忌,3,Traditional_Chinese_Medicine.TCM_Pharmacology.Drug_Toxicity.Pregnancy_Contraindications,TCM:0805000,Contraindications in pregnancy,,,,,,
TCM:1407004,Yao Medicine,瑶医药,3,Traditional_Chinese_Medicine.Ethnic_Traditional_Medicine.Other_Ethnic_Medicines.Yao_Medicine,TCM:1407000,Traditional medicine of the Yao people,,,,,,
TCM:1003004,Spleen-Stomach School,脾胃学派,3,Traditional_Chinese_Medicine.Classical_Texts_and_Heritage.TCM_Schools_of_Thought.Nourishing_Yin_School,TCM:1003000,"School emphasizing spleen-stomach treatment, developed by Li Dongyuan from Yishui school",,,,,,
TCM:1002004,Bencao Jing Jizhu,本草经集注,3,Traditional_Chinese_Medicine.Classical_Texts_and_Heritage.Herbal_Classics.Bencao_Jing_Jizhu,TCM:1002000,Collective Notes on the Materia Medica Classic by Tao Hongjing,,,,,,
TCM:0407004,Pathogenesis of Zang-Fu,脏腑病机,3,Traditional_Chinese_Medicine.Theoretical_Concepts.TCM_Pathogenesis.Pathogenesis_of_Zang_Fu,TCM:0407000,Organ-related pathomechanisms,,,,,,
TCM:0501004,Tongue Diagnosis,舌诊,3,Traditional_Chinese_Medicine.Diagnostic_Methods.Inspection_Diagnosis.Tongue_Diagnosis,TCM:0501000,Tongue observation and diagnosis,,,,,,
TCM:0105004,Terpenoids,萜类,3,Traditional_Chinese_Medicine.Materia_Medica.TCM_Active_Ingredients.Terpenoids,TCM:0105000,Terpenoid compounds,,,C0039561,,,
TCM:0502004,Body Odor Assessment,嗅气味,3,Traditional_Chinese_Medicine.Diagnostic_Methods.Auscultation_and_Olfaction.Body_Odor_Assessment,TCM:0502000,Smelling body and breath odors,,,,,,
TCM:0406004,Lifestyle Factors,起居因素,3,Traditional_Chinese_Medicine.Theoretical_Concepts.TCM_Etiology.Lifestyle_Factors,TCM:0406000,Lifestyle-related disease causes,,,,,,
TCM:0503004,Lifestyle Inquiry,生活史询问,3,Traditional_Chinese_Medicine.Diagnostic_Methods.Inquiry_Diagnosis.Lifestyle_Inquiry,TCM:0503000,Lifestyle assessment,,,,,,
TCM:0504004,Acupoint Palpation,穴位切诊,3,Traditional_Chinese_Medicine.Diagnostic_Methods.Pulse_Diagnosis.Acupoint_Palpation,TCM:0504000,Acupoint tenderness palpation,,,,,,
TCM:0405004,Yin Deficiency Constitution,阴虚质,3,Traditional_Chinese_Medicine.Theoretical_Concepts.TCM_Constitution_Types.Yin_Deficiency_Constitution,TCM:0405000,Yin deficiency constitution,,,,,,
TCM:1001004,Jingui Yaolue,金匮要略,3,Traditional_Chinese_Medicine.Classical_Texts_and_Heritage.Medical_Classics.Jingui_Yaolue,TCM:1001000,Synopsis of the Golden Chamber by Zhang Zhongjing,,,,,,
TCM:0505004,Six Meridian Differentiation,六经辨证,3,Traditional_Chinese_Medicine.Diagnostic_Methods.Pattern_Identification.Six_Meridian_Differentiation,TCM:0505000,Six channel differentiation,,,,,,
TCM:0404004,Essence Concepts,精,3,Traditional_Chinese_Medicine.Theoretical_Concepts.Qi_Blood_Body_Fluids.Essence_Concepts,TCM:0404000,Jing (Essence) concepts,,,,,,
TCM:1202005,Warming Method,温法,3,Traditional_Chinese_Medicine.Treatment_Principles_and_Methods.Eight_Therapeutic_Methods.Warming_Method,TCM:1202000,Warming to dispel cold,,,,,,
TCM:1002005,Zhenglie Bencao,证类本草,3,Traditional_Chinese_Medicine.Classical_Texts_and_Heritage.Herbal_Classics.Zhenglie_Bencao,TCM:1002000,Classified Materia Medica by Tang Shenwei,,,,,,
TCM:0403005,Twelve Cutaneous Regions,十二皮部,3,Traditional_Chinese_Medicine.Theoretical_Concepts.Meridians_and_Collaterals.Twelve_Cutaneous_Regions,TCM:0403000,The twelve cutaneous regions,,,,,,
TCM:0701005,Scalp Points,头针穴位,3,Traditional_Chinese_Medicine.Anatomical_Concepts.Acupoints.Scalp_Points,TCM:0701000,Scalp acupuncture points,,,,,,
TCM:0407005,Pathogenesis of Meridians,经络病机,3,Traditional_Chinese_Medicine.Theoretical_Concepts.TCM_Pathogenesis.Pathogenesis_of_Meridians,TCM:0407000,Meridian-related pathomechanisms,,,,,,
TCM:0309005,Herbal Compress,中药热敷,3,Traditional_Chinese_Medicine.Therapeutic_Techniques.Other_Therapies.Herbal_Compress,TCM:0309000,Hot herbal compress,,,,,,
TCM:0105005,Phenolic Compounds,酚类,3,Traditional_Chinese_Medicine.Materia_Medica.TCM_Active_Ingredients.Phenolic_Compounds,TCM:0105000,Phenolic compounds,,,C0070570,,,
TCM:0602005,Dampness Patterns,湿证,3,Traditional_Chinese_Medicine.Diseases_and_Patterns.TCM_Syndrome_Patterns.Dampness_Patterns,TCM:0602000,Dampness syndrome patterns,,,,,,
TCM:0501005,Excreta Observation,望排出物,3,Traditional_Chinese_Medicine.Diagnostic_Methods.Inspection_Diagnosis.Excreta_Observation,TCM:0501000,Observation of excreta,,,,,,
TCM:0406005,Pestilential Qi,疫疠之气,3,Traditional_Chinese_Medicine.Theoretical_Concepts.TCM_Etiology.Pestilential_Qi,TCM:0406000,Epidemic pathogenic factors,,,,,,
TCM:0601005,Surgical Diseases,外科病,3,Traditional_Chinese_Medicine.Diseases_and_Patterns.TCM_Disease_Entities.Surgical_Diseases,TCM:0601000,External medicine diseases,,,,,,
TCM:0204005,Sprays,喷雾剂,3,Traditional_Chinese_Medicine.Formulas_and_Preparations.External_Preparations.Sprays,TCM:0204000,Spray preparations,,,,,,
TCM:0505005,Wei-Qi-Ying-Blood Differentiation,卫气营血辨证,3,Traditional_Chinese_Medicine.Diagnostic_Methods.Pattern_Identification.Wei_Qi_Ying_Blood_Differentiation,TCM:0505000,Four level differentiation,,,,,,
TCM:1201005,Treating Same Disease Differently,同病异治,3,Traditional_Chinese_Medicine.Treatment_Principles_and_Methods.General_Treatment_Principles.Treating_Same_Disease_Differently,TCM:1201000,Same disease with different treatments based on pattern,,,,,,
TCM:0205005,Oral Liquids,口服液,3,Traditional_Chinese_Medicine.Formulas_and_Preparations.Chinese_Patent_Medicine.Oral_Liquids,TCM:0205000,Oral liquid preparations,,,,,,
TCM:0802005,Water-Draining Dampness-Percolating Drugs,利水渗湿药,3,Traditional_Chinese_Medicine.TCM_Pharmacology.Drug_Actions.Wind_Dampness_Dispelling_Drugs,TCM:0802000,"Diuretic drugs (e.g., 茯苓, 猪苓, 泽泻, 薏苡仁, 车前子)",,,,,,
TCM:0103005,Silicate Minerals,硅酸盐矿物药,3,Traditional_Chinese_Medicine.Materia_Medica.Mineral_Medicine.Silicate_Minerals,TCM:0103000,Silicate minerals,,,,,,
TCM:1203005,Extinguishing Wind,息风法,3,Traditional_Chinese_Medicine.Treatment_Principles_and_Methods.Specific_Treatment_Strategies.Extinguishing_Wind,TCM:1203000,Strategies for extinguishing wind and stopping spasms,,,,,,
TCM:0203005,Warming Formulas,温里剂,3,Traditional_Chinese_Medicine.Formulas_and_Preparations.Chinese_Patent_Medicine.Oral_Liquids,TCM:0203000,Formulas that warm the interior,,,,,,
TCM:0603005,Kidney-related Symptoms,肾系症状,3,Traditional_Chinese_Medicine.Diseases_and_Patterns.TCM_Symptoms_and_Signs.Cardiovascular_Symptoms,TCM:0603000,Symptoms related to the Kidney system,,,,,,
TCM:0206005,Sprays,喷雾剂,3,Traditional_Chinese_Medicine.Formulas_and_Preparations.External_Preparations.Sprays,TCM:0206000,Spray preparations,,,,,,
TCM:0401005,Correspondence of Human and Nature,天人相应,3,Traditional_Chinese_Medicine.Theoretical_Concepts.Fundamental_Theories.Correspondence_of_Human_and_Nature,TCM:0401000,Theory of correspondence between human body and natural environment,,,,,,
TCM:0102005,Animal Tissue Drugs,动物组织类药,3,Traditional_Chinese_Medicine.Materia_Medica.Animal_derived_Medicine.Animal_Tissue_Drugs,TCM:0102000,Animal organs and tissues,,,,,,
TCM:0301005,Wrist-Ankle Acupuncture,腕踝针,3,Traditional_Chinese_Medicine.Therapeutic_Techniques.Acupuncture.Wrist_Ankle_Acupuncture,TCM:0301000,Wrist-ankle acupuncture,,,,,,
TCM:0302005,Heat-sensitive Moxibustion,热敏灸,3,Traditional_Chinese_Medicine.Therapeutic_Techniques.Moxibustion.Heat_sensitive_Moxibustion,TCM:0302000,Heat-sensitive point moxibustion,,,,,,
TCM:1001005,Wenbing Tiaobian,温病条辨,3,Traditional_Chinese_Medicine.Classical_Texts_and_Heritage.Medical_Classics.Wenbing_Tiaobian,TCM:1001000,Systematic Differentiation of Warm Diseases by Wu Jutong,,,,,,
TCM:1407005,Tujia Medicine,土家医药,3,Traditional_Chinese_Medicine.Ethnic_Traditional_Medicine.Other_Ethnic_Medicines.Tujia_Medicine,TCM:1407000,Traditional medicine of the Tujia people,,,,,,
TCM:0303005,Medicinal Cupping,药罐,3,Traditional_Chinese_Medicine.Therapeutic_Techniques.Cupping_Therapy.Medicinal_Cupping,TCM:0303000,Herbal cupping therapy,,,,,,
TCM:0803005,Steaming Methods,蒸制,3,Traditional_Chinese_Medicine.TCM_Pharmacology.Drug_Processing_Methods.Steaming_Methods,TCM:0803000,Steaming methods,,,,,,
TCM:0805005,Dietary Contraindications,服药食忌,3,Traditional_Chinese_Medicine.TCM_Pharmacology.Drug_Toxicity.Dietary_Contraindications,TCM:0805000,Food restrictions during medication,,,,,,
TCM:0306005,Tai Chi,太极拳,3,Traditional_Chinese_Medicine.Therapeutic_Techniques.Qigong_Therapy.Tai_Chi,TCM:0306000,Tai Chi exercise,,,C0039459,,,
TCM:0101005,Flower Drugs,花类药,3,Traditional_Chinese_Medicine.Materia_Medica.Herbal_Medicine.Flower_Drugs,TCM:0101000,Medicinal flowers,,,,,,
TCM:1003005,Nourishing Yin School,滋阴派,3,Traditional_Chinese_Medicine.Classical_Texts_and_Heritage.TCM_Schools_of_Thought.Warming_Tonifying_School,TCM:1003000,"School emphasizing yin nourishment, represented by Zhu Danxi",,,,,,
TCM:0405005,Phlegm-Dampness Constitution,痰湿质,3,Traditional_Chinese_Medicine.Theoretical_Concepts.TCM_Constitution_Types.Phlegm_Dampness_Constitution,TCM:0405000,Phlegm-dampness constitution,,,,,,
TCM:0702005,Upper Limbs,上肢,3,Traditional_Chinese_Medicine.Anatomical_Concepts.Body_Regions.Upper_Limbs,TCM:0702000,Upper extremity regions,,,,,,
TCM:0308005,Herbal Compress,中药热敷,3,Traditional_Chinese_Medicine.Therapeutic_Techniques.Other_Therapies.Herbal_Compress,TCM:0308000,Hot herbal compress,,,,,,
TCM:0405006,Damp-Heat Constitution,湿热质,3,Traditional_Chinese_Medicine.Theoretical_Concepts.TCM_Constitution_Types.Damp_Heat_Constitution,TCM:0405000,Damp-heat constitution,,,,,,
TCM:0601006,Ophthalmological Diseases,眼科病,3,Traditional_Chinese_Medicine.Diseases_and_Patterns.TCM_Disease_Entities.Ophthalmological_Diseases,TCM:0601000,Eye diseases,,,,,,
TCM:0603006,General Symptoms,全身症状,3,Traditional_Chinese_Medicine.Diseases_and_Patterns.TCM_Symptoms_and_Signs.Neurological_Symptoms,TCM:0603000,"Systemic symptoms (fever, fatigue, sweating, etc.)",,,,,,
TCM:1203006,Opening Orifices,开窍法,3,Traditional_Chinese_Medicine.Treatment_Principles_and_Methods.Specific_Treatment_Strategies.Opening_Orifices,TCM:1203000,Strategies for opening the orifices,,,,,,
TCM:0602006,Phlegm Patterns,痰证,3,Traditional_Chinese_Medicine.Diseases_and_Patterns.TCM_Syndrome_Patterns.Phlegm_Patterns,TCM:0602000,Phlegm syndrome patterns,,,,,,
TCM:0309006,Herbal Bath Therapy,中药浴疗,3,Traditional_Chinese_Medicine.Therapeutic_Techniques.Other_Therapies.Herbal_Bath_Therapy,TCM:0309000,Herbal bath immersion therapy,,,,,,
TCM:0803006,Honey Processing,蜜制,3,Traditional_Chinese_Medicine.TCM_Pharmacology.Drug_Processing_Methods.Honey_Processing,TCM:0803000,Honey processing,,,,,,
TCM:0802006,Wind-Dampness Dispelling Drugs,祛风湿药,3,Traditional_Chinese_Medicine.TCM_Pharmacology.Drug_Actions.Interior_Warming_Drugs,TCM:0802000,"Anti-rheumatic drugs (e.g., 独活, 威灵仙, 桑寄生, 五加皮)",,,,,,
TCM:1407006,Li Medicine,黎医药,3,Traditional_Chinese_Medicine.Ethnic_Traditional_Medicine.Other_Ethnic_Medicines.Li_Medicine,TCM:1407000,Traditional medicine of the Li people,,,,,,
TCM:0501006,Pediatric Finger Vein Inspection,望小儿指纹,3,Traditional_Chinese_Medicine.Diagnostic_Methods.Inspection_Diagnosis.Pediatric_Finger_Vein_Inspection,TCM:0501000,Inspection of finger veins in children,,,,,,
TCM:0406006,Traumatic Factors,外伤因素,3,Traditional_Chinese_Medicine.Theoretical_Concepts.TCM_Etiology.Traumatic_Factors,TCM:0406000,Trauma and injury factors,,,,,,
TCM:1003006,Warming-Tonifying School,温补派,3,Traditional_Chinese_Medicine.Classical_Texts_and_Heritage.TCM_Schools_of_Thought.Warming_Tonifying_School,TCM:1003000,"School emphasizing warming and tonifying, represented by Zhang Jingyue",,,,,,
TCM:0301006,Intradermal Acupuncture,皮内针,3,Traditional_Chinese_Medicine.Therapeutic_Techniques.Acupuncture.Intradermal_Acupuncture,TCM:0301000,Intradermal needle therapy,,,,,,
TCM:1202006,Clearing Method,清法,3,Traditional_Chinese_Medicine.Treatment_Principles_and_Methods.Eight_Therapeutic_Methods.Clearing_Method,TCM:1202000,Clearing heat to resolve fire toxins,,,,,,
TCM:0702006,Lower Limbs,下肢,3,Traditional_Chinese_Medicine.Anatomical_Concepts.Body_Regions.Lower_Limbs,TCM:0702000,Lower extremity regions,,,,,,
TCM:1001006,Maijing,脉经,3,Traditional_Chinese_Medicine.Classical_Texts_and_Heritage.Medical_Classics.Maijing,TCM:1001000,Pulse Classic by Wang Shuhe,,,,,,
TCM:0205006,Syrups,糖浆剂,3,Traditional_Chinese_Medicine.Formulas_and_Preparations.Chinese_Patent_Medicine.Syrups,TCM:0205000,Syrup preparations,,,,,,
TCM:0105006,Polysaccharides,多糖类,3,Traditional_Chinese_Medicine.Materia_Medica.TCM_Active_Ingredients.Polysaccharides,TCM:0105000,Polysaccharide compounds,,,C0032594,,,
TCM:0203006,Tonifying Formulas,补益剂,3,Traditional_Chinese_Medicine.Formulas_and_Preparations.Chinese_Patent_Medicine.Syrups,TCM:0203000,Tonifying and nourishing formulas,,,,,,
TCM:0505006,San Jiao Differentiation,三焦辨证,3,Traditional_Chinese_Medicine.Diagnostic_Methods.Pattern_Identification.San_Jiao_Differentiation,TCM:0505000,Triple burner differentiation,,,,,,
TCM:0701006,Hand Points,手穴,3,Traditional_Chinese_Medicine.Anatomical_Concepts.Acupoints.Hand_Points,TCM:0701000,Hand acupoints,,,,,,
TCM:1201006,Treating Different Diseases Similarly,异病同治,3,Traditional_Chinese_Medicine.Treatment_Principles_and_Methods.General_Treatment_Principles.Treating_Different_Diseases_Similarly,TCM:1201000,Different diseases with same treatment based on pattern,,,,,,
TCM:0101006,Fruit and Seed Drugs,果实种子类药,3,Traditional_Chinese_Medicine.Materia_Medica.Herbal_Medicine.Fruit_and_Seed_Drugs,TCM:0101000,Medicinal fruits and seeds,,,,,,
TCM:0309007,Navel Therapy,脐疗,3,Traditional_Chinese_Medicine.Therapeutic_Techniques.Other_Therapies.Navel_Therapy,TCM:0309000,Umbilical application therapy,,,,,,
TCM:0101007,Whole Herb Drugs,全草类药,3,Traditional_Chinese_Medicine.Materia_Medica.Herbal_Medicine.Whole_Herb_Drugs,TCM:0101000,Whole plant medicines,,,,,,
TCM:0105007,Essential Oils,挥发油类,3,Traditional_Chinese_Medicine.Materia_Medica.TCM_Active_Ingredients.Essential_Oils,TCM:0105000,Volatile oil compounds,,,C0028910,,,
TCM:0203007,Qi-Regulating Formulas,理气剂,3,Traditional_Chinese_Medicine.Formulas_and_Preparations.Chinese_Patent_Medicine.Powders,TCM:0203000,Formulas that regulate Qi,,,,,,
TCM:0205007,Powders,散剂,3,Traditional_Chinese_Medicine.Formulas_and_Preparations.Chinese_Patent_Medicine.Powders,TCM:0205000,Powder preparations,,,,,,
TCM:0301007,Fire Acupuncture,火针,3,Traditional_Chinese_Medicine.Therapeutic_Techniques.Acupuncture.Fire_Acupuncture,TCM:0301000,Fire needle therapy,,,,,,
TCM:0405007,Blood Stasis Constitution,血瘀质,3,Traditional_Chinese_Medicine.Theoretical_Concepts.TCM_Constitution_Types.Blood_Stasis_Constitution,TCM:0405000,Blood stasis constitution,,,,,,
TCM:0406007,Phlegm and Fluid Retention,痰饮,3,Traditional_Chinese_Medicine.Theoretical_Concepts.TCM_Etiology.Phlegm_and_Fluid_Retention,TCM:0406000,Phlegm and fluid retention as pathogenic products,,,,,,
TCM:0505007,Fluid-Phlegm Differentiation,津液痰饮辨证,3,Traditional_Chinese_Medicine.Diagnostic_Methods.Pattern_Identification.Fluid_Phlegm_Differentiation,TCM:0505000,Fluid and phlegm pattern differentiation,,,,,,
TCM:0601007,ENT Diseases,耳鼻喉科病,3,Traditional_Chinese_Medicine.Diseases_and_Patterns.TCM_Disease_Entities.ENT_Diseases,TCM:0601000,ENT diseases,,,,,,
TCM:0701007,Foot Points,足穴,3,Traditional_Chinese_Medicine.Anatomical_Concepts.Acupoints.Foot_Points,TCM:0701000,Foot acupoints,,,,,,
TCM:0602007,Blood Stasis Patterns,血瘀证,3,Traditional_Chinese_Medicine.Diseases_and_Patterns.TCM_Syndrome_Patterns.Blood_Stasis_Patterns,TCM:0602000,Blood stasis patterns,,,,,,
TCM:0603007,Pain Symptoms,疼痛症状,3,Traditional_Chinese_Medicine.Diseases_and_Patterns.TCM_Symptoms_and_Signs.Urogenital_Symptoms,TCM:0603000,Pain manifestations classified by nature and location,,,,,,
TCM:0802007,Interior-Warming Drugs,温里药,3,Traditional_Chinese_Medicine.TCM_Pharmacology.Drug_Actions.Qi_Regulating_Drugs,TCM:0802000,"Interior-warming drugs (e.g., 附子, 干姜, 肉桂, 吴茱萸, 花椒)",,,,,,
TCM:0803007,Vinegar Processing,醋制,3,Traditional_Chinese_Medicine.TCM_Pharmacology.Drug_Processing_Methods.Vinegar_Processing,TCM:0803000,Vinegar processing,,,,,,
TCM:1001007,Zhenjiu Jiayijing,针灸甲乙经,3,Traditional_Chinese_Medicine.Classical_Texts_and_Heritage.Medical_Classics.Zhenjiu_Jiayijing,TCM:1001000,Systematic Classic of Acupuncture and Moxibustion by Huangfu Mi,,,,,,
TCM:1003007,Fire Spirit School,火神派,3,Traditional_Chinese_Medicine.Classical_Texts_and_Heritage.TCM_Schools_of_Thought.Fire_Spirit_School,TCM:1003000,"School emphasizing the use of aconite and warming yang, represented by Zheng Qin'an",,,,,,
TCM:1201007,Routine and Contrary Treatment,正治反治,3,Traditional_Chinese_Medicine.Treatment_Principles_and_Methods.General_Treatment_Principles.Routine_and_Contrary_Treatment,TCM:1201000,Treating in accordance with or contrary to the nature of the disease,,,,,,
TCM:1202007,Reducing Method,消法,3,Traditional_Chinese_Medicine.Treatment_Principles_and_Methods.Eight_Therapeutic_Methods.Reducing_Method,TCM:1202000,Reducing and dissolving masses and accumulations,,,,,,
TCM:1203007,Securing and Astringing,固涩法,3,Traditional_Chinese_Medicine.Treatment_Principles_and_Methods.Specific_Treatment_Strategies.Securing_and_Astringing,TCM:1203000,Strategies for securing and astringing to prevent leakage,,,,,,
TCM:1003008,Convergence School,汇通学派,3,Traditional_Chinese_Medicine.Classical_Texts_and_Heritage.TCM_Schools_of_Thought.Convergence_School,TCM:1003000,"School integrating Chinese and Western medicine, represented by Zhang Xichun and Tang Zonghai",,,,,,
TCM:0105008,Organic Acids,有机酸类,3,Traditional_Chinese_Medicine.Materia_Medica.TCM_Active_Ingredients.Organic_Acids,TCM:0105000,Organic acid compounds,,,,,,
TCM:1202008,Tonification Method,补法,3,Traditional_Chinese_Medicine.Treatment_Principles_and_Methods.Eight_Therapeutic_Methods.Tonification_Method,TCM:1202000,Tonifying to replenish deficiency,,,,,,
TCM:0803008,Wine Processing,酒制,3,Traditional_Chinese_Medicine.TCM_Pharmacology.Drug_Processing_Methods.Wine_Processing,TCM:0803000,Wine processing,,,,,,
TCM:0802008,Qi-Regulating Drugs,理气药,3,Traditional_Chinese_Medicine.TCM_Pharmacology.Drug_Actions.Digestive_Drugs,TCM:0802000,"Qi-regulating drugs (e.g., 陈皮, 枳实, 木香, 香附, 沉香)",,,,,,
TCM:0101008,Resin Drugs,树脂类药,3,Traditional_Chinese_Medicine.Materia_Medica.Herbal_Medicine.Resin_Drugs,TCM:0101000,Plant resins and gums,,,,,,
TCM:0602008,Qi Stagnation Patterns,气滞证,3,Traditional_Chinese_Medicine.Diseases_and_Patterns.TCM_Syndrome_Patterns.Qi_Stagnation_Patterns,TCM:0602000,Qi stagnation patterns,,,,,,
TCM:0601008,Dermatological Diseases,皮肤科病,3,Traditional_Chinese_Medicine.Diseases_and_Patterns.TCM_Disease_Entities.Dermatological_Diseases,TCM:0601000,Skin diseases,,,,,,
TCM:0203008,Blood-Regulating Formulas,理血剂,3,Traditional_Chinese_Medicine.Formulas_and_Preparations.Formulas_by_Function.Blood_Regulating_Formulas,TCM:0203000,Formulas that regulate blood,,,,,,
TCM:0406008,Blood Stasis,瘀血,3,Traditional_Chinese_Medicine.Theoretical_Concepts.TCM_Etiology.Blood_Stasis,TCM:0406000,Blood stasis as a pathogenic product,,,,,,
TCM:0405008,Qi Stagnation Constitution,气郁质,3,Traditional_Chinese_Medicine.Theoretical_Concepts.TCM_Constitution_Types.Qi_Stagnation_Constitution,TCM:0405000,Qi stagnation constitution,,,,,,
TCM:0301008,Plum Blossom Needling,梅花针,3,Traditional_Chinese_Medicine.Therapeutic_Techniques.Acupuncture.Plum_Blossom_Needling,TCM:0301000,Seven-star needle therapy,,,,,,
TCM:1001008,Zhubing Yuanhou Lun,诸病源候论,3,Traditional_Chinese_Medicine.Classical_Texts_and_Heritage.Medical_Classics.Zhubing_Yuanhou_Lun,TCM:1001000,General Treatise on the Causes and Manifestations of All Diseases by Chao Yuanfang,,,,,,
TCM:1003009,Wenbing School,温病学派,3,Traditional_Chinese_Medicine.Classical_Texts_and_Heritage.TCM_Schools_of_Thought.Wenbing_School,TCM:1003000,"School specializing in warm disease theory, represented by Ye Tianshi and Wu Jutong",,,,,,
TCM:0301009,Abdominal Acupuncture,腹针,3,Traditional_Chinese_Medicine.Therapeutic_Techniques.Acupuncture.Abdominal_Acupuncture,TCM:0301000,Abdominal acupuncture therapy,,,,,,
TCM:0405009,Inherited Special Constitution,特禀质,3,Traditional_Chinese_Medicine.Theoretical_Concepts.TCM_Constitution_Types.Inherited_Special_Constitution,TCM:0405000,Inherited special constitution,,,,,,
TCM:0203009,External Wind-Dispelling Formulas,疏散外风剂,3,Traditional_Chinese_Medicine.Formulas_and_Preparations.Formulas_by_Function.External_Wind_Dispelling_Formulas,TCM:0203000,Formulas that dispel external wind,,,,,,
TCM:1001009,Beiji Qianjin Yaofang,备急千金要方,3,Traditional_Chinese_Medicine.Classical_Texts_and_Heritage.Medical_Classics.Beiji_Qianjin_Yaofang,TCM:1001000,Essential Prescriptions Worth a Thousand Gold by Sun Simiao,,,,,,
TCM:0101009,Algae and Fungi Drugs,藻菌类药,3,Traditional_Chinese_Medicine.Materia_Medica.Herbal_Medicine.Algae_and_Fungi_Drugs,TCM:0101000,Medicinal algae and fungi,,,,,,
TCM:0802009,Digestive Drugs,消食药,3,Traditional_Chinese_Medicine.TCM_Pharmacology.Drug_Actions.Hemostatic_Drugs,TCM:0802000,"Digestive drugs (e.g., 山楂, 神曲, 麦芽, 莱菔子, 鸡内金)",,,,,,
TCM:0601009,Orthopedic Diseases,骨伤科病,3,Traditional_Chinese_Medicine.Diseases_and_Patterns.TCM_Disease_Entities.Orthopedic_Diseases,TCM:0601000,Orthopedic and traumatic diseases,,,,,,
TCM:0105009,Coumarins,香豆素类,3,Traditional_Chinese_Medicine.Materia_Medica.TCM_Active_Ingredients.Coumarins,TCM:0105000,Coumarin compounds,,,C0010206,,,
TCM:0803009,Salt Processing,盐制,3,Traditional_Chinese_Medicine.TCM_Pharmacology.Drug_Processing_Methods.Salt_Processing,TCM:0803000,Salt processing,,,,,,
TCM:1001010,Waitai Miyao,外台秘要,3,Traditional_Chinese_Medicine.Classical_Texts_and_Heritage.Medical_Classics.Waitai_Miyao,TCM:1001000,Arcane Essentials from the Imperial Library by Wang Tao,,,,,,
TCM:0105010,Lignans,木脂素类,3,Traditional_Chinese_Medicine.Materia_Medica.TCM_Active_Ingredients.Lignans,TCM:0105000,Lignan compounds,,,C0064971,,,
TCM:0803010,Ginger Processing,姜制,3,Traditional_Chinese_Medicine.TCM_Pharmacology.Drug_Processing_Methods.Ginger_Processing,TCM:0803000,Ginger juice processing,,,,,,
TCM:0203010,Dampness-Treating Formulas,祛湿剂,3,Traditional_Chinese_Medicine.Formulas_and_Preparations.Formulas_by_Function.Dampness_Treating_Formulas,TCM:0203000,Formulas that eliminate dampness,,,,,,
TCM:0301010,Eye Acupuncture,眼针,3,Traditional_Chinese_Medicine.Therapeutic_Techniques.Acupuncture.Eye_Acupuncture,TCM:0301000,Eye acupuncture therapy,,,,,,
TCM:0601010,Anorectal Diseases,肛肠科病,3,Traditional_Chinese_Medicine.Diseases_and_Patterns.TCM_Disease_Entities.Anorectal_Diseases,TCM:0601000,Anorectal diseases,,,,,,
TCM:0802010,Hemostatic Drugs,止血药,3,Traditional_Chinese_Medicine.TCM_Pharmacology.Drug_Actions.Blood_Activating_Drugs,TCM:0802000,"Hemostatic drugs (e.g., 三七, 白及, 仙鹤草, 艾叶, 蒲黄)",,,,,,
TCM:0105011,Saponins,皂苷类,3,Traditional_Chinese_Medicine.Materia_Medica.TCM_Active_Ingredients.Saponins,TCM:0105000,Saponin compounds,,,C0036189,,,
TCM:0803011,Boiling Methods,煮制,3,Traditional_Chinese_Medicine.TCM_Pharmacology.Drug_Processing_Methods.Boiling_Methods,TCM:0803000,Boiling and decoction processing,,,,,,
TCM:0203011,Phlegm-Treating Formulas,祛痰剂,3,Traditional_Chinese_Medicine.Formulas_and_Preparations.Formulas_by_Function.Phlegm_Treating_Formulas,TCM:0203000,Formulas that resolve phlegm,,,,,,
TCM:1001011,Wenre Lun,温热论,3,Traditional_Chinese_Medicine.Classical_Texts_and_Heritage.Medical_Classics.Wenre_Lun,TCM:1001000,Treatise on Warm-Heat by Ye Tianshi,,,,,,
TCM:0802011,Blood-Activating Stasis-Resolving Drugs,活血化瘀药,3,Traditional_Chinese_Medicine.TCM_Pharmacology.Drug_Actions.Phlegm_Resolving_Drugs,TCM:0802000,"Blood-activating drugs (e.g., 川芎, 丹参, 桃仁, 红花, 益母草)",,,,,,
TCM:0105012,Tannins,鞣质类,3,Traditional_Chinese_Medicine.Materia_Medica.TCM_Active_Ingredients.Tannins,TCM:0105000,Tannin compounds,,,C0039294,,,
TCM:1001012,Piwei Lun,脾胃论,3,Traditional_Chinese_Medicine.Classical_Texts_and_Heritage.Medical_Classics.Piwei_Lun,TCM:1001000,Treatise on the Spleen and Stomach by Li Dongyuan,,,,,,
TCM:0802012,Phlegm-Resolving Drugs,化痰药,3,Traditional_Chinese_Medicine.TCM_Pharmacology.Drug_Actions.Cough_Suppressing_Drugs,TCM:0802000,"Phlegm-transforming drugs (e.g., 半夏, 天南星, 贝母, 瓜蒌, 桔梗)",,,,,,
TCM:0203012,Digestive Formulas,消食剂,3,Traditional_Chinese_Medicine.Formulas_and_Preparations.Formulas_by_Function.Digestive_Formulas,TCM:0203000,Formulas that promote digestion,,,,,,
TCM:0802013,Cough-Suppressing Asthma-Calming Drugs,止咳平喘药,3,Traditional_Chinese_Medicine.TCM_Pharmacology.Drug_Actions.Spirit_Calming_Drugs,TCM:0802000,"Antitussive and antiasthmatic drugs (e.g., 杏仁, 百部, 紫菀, 款冬花)",,,,,,
TCM:0203013,Worm-Expelling Formulas,驱虫剂,3,Traditional_Chinese_Medicine.Formulas_and_Preparations.Formulas_by_Function.Worm_Expelling_Formulas,TCM:0203000,Anthelmintic formulas,,,,,,
TCM:0105013,Quinones,醌类,3,Traditional_Chinese_Medicine.Materia_Medica.TCM_Active_Ingredients.Quinones,TCM:0105000,Quinone compounds,,,,,,
TCM:0802014,Spirit-Calming Drugs,安神药,3,Traditional_Chinese_Medicine.TCM_Pharmacology.Drug_Actions.Liver_Pacifying_Drugs,TCM:0802000,"Spirit-calming drugs (e.g., 酸枣仁, 柏子仁, 远志, 龙骨, 朱砂)",,,,,,
TCM:0203014,Astringent Formulas,固涩剂,3,Traditional_Chinese_Medicine.Formulas_and_Preparations.Formulas_by_Function.Astringent_Formulas,TCM:0203000,Formulas that astringe and secure,,,,,,
TCM:0203015,Resuscitation Formulas,开窍剂,3,Traditional_Chinese_Medicine.Formulas_and_Preparations.Formulas_by_Function.Resuscitation_Formulas,TCM:0203000,Formulas that open orifices,,,,,,
TCM:0802015,Liver-Pacifying Wind-Extinguishing Drugs,平肝息风药,3,Traditional_Chinese_Medicine.TCM_Pharmacology.Drug_Actions.Orifice_Opening_Drugs,TCM:0802000,"Liver-calming drugs (e.g., 天麻, 钩藤, 石决明, 牡蛎, 全蝎)",,,,,,
TCM:0203016,Spirit-Calming Formulas,安神剂,3,Traditional_Chinese_Medicine.Formulas_and_Preparations.Formulas_by_Function.Spirit_Calming_Formulas,TCM:0203000,Formulas that calm the spirit,,,,,,
TCM:0802016,Orifice-Opening Drugs,开窍药,3,Traditional_Chinese_Medicine.TCM_Pharmacology.Drug_Actions.Tonic_Drugs,TCM:0802000,"Orifice-opening drugs (e.g., 麝香, 石菖蒲, 冰片)",,,,,,
TCM:0802017,Tonic Drugs,补虚药,3,Traditional_Chinese_Medicine.TCM_Pharmacology.Drug_Actions.Astringent_Drugs,TCM:0802000,Tonifying drugs,,,,,,
TCM:0203017,Wind-Extinguishing Formulas,息风止痉剂,3,Traditional_Chinese_Medicine.Formulas_and_Preparations.Formulas_by_Function.Wind_Extinguishing_Formulas,TCM:0203000,Formulas that extinguish internal wind and stop spasms,,,,,,
TCM:0802018,Astringent Drugs,收涩药,3,Traditional_Chinese_Medicine.TCM_Pharmacology.Drug_Actions.External_Use_Drugs,TCM:0802000,"Astringent drugs (e.g., 五味子, 山茱萸, 芡实, 莲子, 金樱子)",,,,,,
TCM:0203018,Dryness-Moistening Formulas,润燥剂,3,Traditional_Chinese_Medicine.Formulas_and_Preparations.Formulas_by_Function.Dryness_Moistening_Formulas,TCM:0203000,Formulas that moisten dryness,,,,,,
TCM:0802019,External-Use Drugs,外用药,3,Traditional_Chinese_Medicine.TCM_Pharmacology.Drug_Actions.External_Use_Drugs,TCM:0802000,"Externally applied drugs (e.g., 硫黄, 雄黄, 蛇床子, 硼砂)",,,,,,
TCM:0802020,Worm-Expelling Drugs,驱虫药,3,Traditional_Chinese_Medicine.TCM_Pharmacology.Drug_Actions.Worm_Expelling_Drugs,TCM:0802000,"Anthelmintic drugs (e.g., 使君子, 槟榔, 南瓜子, 鹤草芽)",,,,,,
TCM:1405101,Two Pathogens Theory,两纲学说,4,Traditional_Chinese_Medicine.Ethnic_Traditional_Medicine.Miao_Medicine.Miao_Medical_Theory.Two_Pathogens_Theory,TCM:1405100,Theory of cold and heat as two fundamental pathogens,,,,,,
TCM:1406301,Zhuang Medicated Thread Moxibustion,壮医药线点灸,4,Traditional_Chinese_Medicine.Ethnic_Traditional_Medicine.Zhuang_Medicine.Zhuang_Therapeutic_Techniques.Zhuang_Medicated_Thread_Moxibustion,TCM:1406300,Zhuang medicated thread moxibustion,,,,,,
TCM:1406201,Zhuang Herbal Drugs,壮药植物药,4,Traditional_Chinese_Medicine.Ethnic_Traditional_Medicine.Zhuang_Medicine.Zhuang_Materia_Medica.Zhuang_Herbal_Drugs,TCM:1406200,Plant-based Zhuang medicines,,,,,,
TCM:1402201,Mongolian Herbal Drugs,蒙药植物药,4,Traditional_Chinese_Medicine.Ethnic_Traditional_Medicine.Mongolian_Medicine.Mongolian_Materia_Medica.Mongolian_Herbal_Drugs,TCM:1402200,Plant-based Mongolian medicines,,,,,,
TCM:1404301,Dai Herbal Steam Therapy,傣医暖雅,4,Traditional_Chinese_Medicine.Ethnic_Traditional_Medicine.Dai_Medicine.Dai_Therapeutic_Techniques.Dai_Herbal_Steam_Therapy,TCM:1404300,Dai herbal steam therapy,,,,,,
TCM:1403101,Four Temperaments,四种气质,4,Traditional_Chinese_Medicine.Ethnic_Traditional_Medicine.Uyghur_Medicine.Uyghur_Medical_Theory.Four_Temperaments,TCM:1403100,"Theory of Sapra (Bilious), Damvi (Sanguine), Balghami (Phlegmatic), Savdai (Melancholic)",,,,,,
TCM:1406101,Three Qi Synchronization,三气同步学说,4,Traditional_Chinese_Medicine.Ethnic_Traditional_Medicine.Zhuang_Medicine.Zhuang_Medical_Theory.Three_Qi_Synchronization,TCM:1406100,"Theory of heavenly, earthly, and human Qi synchronization",,,,,,
TCM:1404201,Dai Herbal Drugs,傣药植物药,4,Traditional_Chinese_Medicine.Ethnic_Traditional_Medicine.Dai_Medicine.Dai_Materia_Medica.Dai_Herbal_Drugs,TCM:1404200,Plant-based Dai medicines,,,,,,
TCM:1403201,Uyghur Herbal Drugs,维药植物药,4,Traditional_Chinese_Medicine.Ethnic_Traditional_Medicine.Uyghur_Medicine.Uyghur_Materia_Medica.Uyghur_Herbal_Drugs,TCM:1403200,Plant-based Uyghur medicines,,,,,,
TCM:0802002A,Heat-Clearing Fire-Draining Drugs,清热泻火药,4,Traditional_Chinese_Medicine.TCM_Pharmacology.Drug_Actions.Heat_Clearing_Drugs.Heat_Clearing_Fire_Draining_Drugs,TCM:0802002,Drugs that clear heat and drain fire from Qi level,,,,,,
TCM:1401201,Tibetan Herbal Drugs,藏药植物药,4,Traditional_Chinese_Medicine.Ethnic_Traditional_Medicine.Tibetan_Medicine.Tibetan_Materia_Medica.Tibetan_Herbal_Drugs,TCM:1401200,Plant-based Tibetan medicines,,,,,,
TCM:1404101,Four Towers Theory,四塔学说,4,Traditional_Chinese_Medicine.Ethnic_Traditional_Medicine.Dai_Medicine.Dai_Medical_Theory.Four_Towers_Theory,TCM:1404100,"Theory of earth-tower, water-tower, fire-tower, wind-tower",,,,,,
TCM:1403301,Uyghur Herbal Steam Therapy,维医药浴熏蒸,4,Traditional_Chinese_Medicine.Ethnic_Traditional_Medicine.Uyghur_Medicine.Uyghur_Therapeutic_Techniques.Uyghur_Herbal_Steam_Therapy,TCM:1403300,Herbal steam and bath therapy,,,,,,
TCM:0802017A,Qi-Tonifying Drugs,补气药,4,Traditional_Chinese_Medicine.TCM_Pharmacology.Drug_Actions.Tonic_Drugs.Qi_Tonifying_Drugs,TCM:0802017,Drugs that tonify Qi,,,,,,
TCM:1402101,Three Roots Theory,三根学说,4,Traditional_Chinese_Medicine.Ethnic_Traditional_Medicine.Mongolian_Medicine.Mongolian_Medical_Theory.Three_Roots_Theory,TCM:1402100,"Theory of Hei (Wind), Shira (Bile), Badgan (Phlegm)",,,,,,
TCM:1405301,Miao Herbal Bath,苗医药浴,4,Traditional_Chinese_Medicine.Ethnic_Traditional_Medicine.Miao_Medicine.Miao_Therapeutic_Techniques.Miao_Herbal_Bath,TCM:1405300,Miao herbal bath therapy,,,,,,
TCM:0802001A,Warm-Pungent Exterior-Releasing Drugs,辛温解表药,4,Traditional_Chinese_Medicine.TCM_Pharmacology.Drug_Actions.Exterior_Releasing_Drugs.Warm_Pungent_Exterior_Releasing_Drugs,TCM:0802001,Warm-pungent drugs for exterior cold patterns,,,,,,
TCM:1401101,Three Humors Theory,三因学说,4,Traditional_Chinese_Medicine.Ethnic_Traditional_Medicine.Tibetan_Medicine.Tibetan_Medical_Theory.Three_Humors_Theory,TCM:1401100,"Theory of rLung (Wind), mKhris-pa (Bile), Bad-kan (Phlegm)",,,,,,
TCM:1401401,Gyushi (Four Medical Tantras),四部医典,4,Traditional_Chinese_Medicine.Ethnic_Traditional_Medicine.Tibetan_Medicine.Tibetan_Medical_Classics.Gyushi__Four_Medical_Tantras,TCM:1401400,The foundational text of Tibetan medicine,,,,,,
TCM:1405201,Miao Herbal Drugs,苗药植物药,4,Traditional_Chinese_Medicine.Ethnic_Traditional_Medicine.Miao_Medicine.Miao_Materia_Medica.Miao_Herbal_Drugs,TCM:1405200,Plant-based Miao medicines,,,,,,
TCM:1401301,Tibetan Moxibustion,藏医火灸,4,Traditional_Chinese_Medicine.Ethnic_Traditional_Medicine.Tibetan_Medicine.Tibetan_Therapeutic_Techniques.Tibetan_Moxibustion,TCM:1401300,Tibetan moxibustion techniques,,,,,,
TCM:1402301,Mongolian Acupuncture,蒙医针刺,4,Traditional_Chinese_Medicine.Ethnic_Traditional_Medicine.Mongolian_Medicine.Mongolian_Therapeutic_Techniques.Mongolian_Acupuncture,TCM:1402300,Mongolian acupuncture techniques,,,,,,
TCM:1402302,Mongolian Bone Setting,蒙医正骨术,4,Traditional_Chinese_Medicine.Ethnic_Traditional_Medicine.Mongolian_Medicine.Mongolian_Therapeutic_Techniques.Mongolian_Bone_Setting,TCM:1402300,Mongolian bone-setting techniques,,,,,,
TCM:1401402,Jingzhu Bencao,晶珠本草,4,Traditional_Chinese_Medicine.Ethnic_Traditional_Medicine.Tibetan_Medicine.Tibetan_Medical_Classics.Jingzhu_Bencao,TCM:1401400,Crystal Rosary of Materia Medica,,,,,,
TCM:1402202,Mongolian Animal Drugs,蒙药动物药,4,Traditional_Chinese_Medicine.Ethnic_Traditional_Medicine.Mongolian_Medicine.Mongolian_Materia_Medica.Mongolian_Animal_Drugs,TCM:1402200,Animal-based Mongolian medicines,,,,,,
TCM:1402102,Seven Elements Theory,七素学说,4,Traditional_Chinese_Medicine.Ethnic_Traditional_Medicine.Mongolian_Medicine.Mongolian_Medical_Theory.Seven_Elements_Theory,TCM:1402100,Seven basic body elements,,,,,,
TCM:1406102,Poison-Deficiency Theory,毒虚致病学说,4,Traditional_Chinese_Medicine.Ethnic_Traditional_Medicine.Zhuang_Medicine.Zhuang_Medical_Theory.Poison_Deficiency_Theory,TCM:1406100,Theory of toxin and deficiency as disease causes,,,,,,
TCM:1405302,Miao Bone-setting,苗医正骨,4,Traditional_Chinese_Medicine.Ethnic_Traditional_Medicine.Miao_Medicine.Miao_Therapeutic_Techniques.Miao_Bone_setting,TCM:1405300,Miao bone-setting techniques,,,,,,
TCM:1405202,Miao Animal Drugs,苗药动物药,4,Traditional_Chinese_Medicine.Ethnic_Traditional_Medicine.Miao_Medicine.Miao_Materia_Medica.Miao_Animal_Drugs,TCM:1405200,Animal-based Miao medicines,,,,,,
TCM:1405102,Five Meridians Theory,五经学说,4,Traditional_Chinese_Medicine.Ethnic_Traditional_Medicine.Miao_Medicine.Miao_Medical_Theory.Five_Meridians_Theory,TCM:1405100,Miao theory of five body channels,,,,,,
TCM:1406302,Zhuang Herbal Bamboo Cupping,壮医药物竹筒拔罐,4,Traditional_Chinese_Medicine.Ethnic_Traditional_Medicine.Zhuang_Medicine.Zhuang_Therapeutic_Techniques.Zhuang_Herbal_Bamboo_Cupping,TCM:1406300,Zhuang herbal bamboo cupping therapy,,,,,,
TCM:0802002B,Heat-Clearing Dampness-Drying Drugs,清热燥湿药,4,Traditional_Chinese_Medicine.TCM_Pharmacology.Drug_Actions.Heat_Clearing_Drugs.Heat_Clearing_Dampness_Drying_Drugs,TCM:0802002,Drugs that clear heat and dry dampness,,,,,,
TCM:1404302,Dai Herbal Compress,傣医睡药,4,Traditional_Chinese_Medicine.Ethnic_Traditional_Medicine.Dai_Medicine.Dai_Therapeutic_Techniques.Dai_Herbal_Compress,TCM:1404300,Dai herbal compress therapy,,,,,,
TCM:1404202,Dai Animal Drugs,傣药动物药,4,Traditional_Chinese_Medicine.Ethnic_Traditional_Medicine.Dai_Medicine.Dai_Materia_Medica.Dai_Animal_Drugs,TCM:1404200,Animal-based Dai medicines,,,,,,
TCM:1404102,Five Aggregates Theory,五蕴学说,4,Traditional_Chinese_Medicine.Ethnic_Traditional_Medicine.Dai_Medicine.Dai_Medical_Theory.Five_Aggregates_Theory,TCM:1404100,Theory of the five aggregates,,,,,,
TCM:1403302,Uyghur Sand Therapy,维医沙疗,4,Traditional_Chinese_Medicine.Ethnic_Traditional_Medicine.Uyghur_Medicine.Uyghur_Therapeutic_Techniques.Uyghur_Sand_Therapy,TCM:1403300,Hot sand burial therapy,,,,,,
TCM:1403202,Uyghur Animal Drugs,维药动物药,4,Traditional_Chinese_Medicine.Ethnic_Traditional_Medicine.Uyghur_Medicine.Uyghur_Materia_Medica.Uyghur_Animal_Drugs,TCM:1403200,Animal-based Uyghur medicines,,,,,,
TCM:1406202,Zhuang Animal Drugs,壮药动物药,4,Traditional_Chinese_Medicine.Ethnic_Traditional_Medicine.Zhuang_Medicine.Zhuang_Materia_Medica.Zhuang_Animal_Drugs,TCM:1406200,Animal-based Zhuang medicines,,,,,,
TCM:0802001B,Cool-Pungent Exterior-Releasing Drugs,辛凉解表药,4,Traditional_Chinese_Medicine.TCM_Pharmacology.Drug_Actions.Exterior_Releasing_Drugs.Cool_Pungent_Exterior_Releasing_Drugs,TCM:0802001,Cool-pungent drugs for exterior heat patterns,,,,,,
TCM:1403102,Four Elements in Uyghur Medicine,维医四大物质,4,Traditional_Chinese_Medicine.Ethnic_Traditional_Medicine.Uyghur_Medicine.Uyghur_Medical_Theory.Four_Elements_in_Uyghur_Medicine,TCM:1403100,"Fire, Air, Water, Earth",,,,,,
TCM:0802017B,Blood-Tonifying Drugs,补血药,4,Traditional_Chinese_Medicine.TCM_Pharmacology.Drug_Actions.Tonic_Drugs.Blood_Tonifying_Drugs,TCM:0802017,Drugs that tonify Blood,,,,,,
TCM:1401102,Five Elements in Tibetan Medicine,藏医五元学说,4,Traditional_Chinese_Medicine.Ethnic_Traditional_Medicine.Tibetan_Medicine.Tibetan_Medical_Theory.Five_Elements_in_Tibetan_Medicine,TCM:1401100,"Earth, Water, Fire, Wind, Space",,,,,,
TCM:1401202,Tibetan Animal Drugs,藏药动物药,4,Traditional_Chinese_Medicine.Ethnic_Traditional_Medicine.Tibetan_Medicine.Tibetan_Materia_Medica.Tibetan_Animal_Drugs,TCM:1401200,Animal-based Tibetan medicines,,,,,,
TCM:1401302,Tibetan Bloodletting,藏医放血,4,Traditional_Chinese_Medicine.Ethnic_Traditional_Medicine.Tibetan_Medicine.Tibetan_Therapeutic_Techniques.Tibetan_Bloodletting,TCM:1401300,Tibetan bloodletting therapy,,,,,,
TCM:0802017C,Yin-Tonifying Drugs,补阴药,4,Traditional_Chinese_Medicine.TCM_Pharmacology.Drug_Actions.Tonic_Drugs.Yin_Tonifying_Drugs,TCM:0802017,Drugs that tonify Yin,,,,,,
TCM:1402103,Three Wastes Theory,三秽学说,4,Traditional_Chinese_Medicine.Ethnic_Traditional_Medicine.Mongolian_Medicine.Mongolian_Medical_Theory.Three_Wastes_Theory,TCM:1402100,Three metabolic wastes,,,,,,
TCM:1402303,Mongolian Moxibustion,蒙医灸疗,4,Traditional_Chinese_Medicine.Ethnic_Traditional_Medicine.Mongolian_Medicine.Mongolian_Therapeutic_Techniques.Mongolian_Moxibustion,TCM:1402300,Mongolian moxibustion therapy,,,,,,
TCM:1402203,Mongolian Mineral Drugs,蒙药矿物药,4,Traditional_Chinese_Medicine.Ethnic_Traditional_Medicine.Mongolian_Medicine.Mongolian_Materia_Medica.Mongolian_Mineral_Drugs,TCM:1402200,Mineral-based Mongolian medicines,,,,,,
TCM:1403303,Uyghur Cupping,维医拔罐,4,Traditional_Chinese_Medicine.Ethnic_Traditional_Medicine.Uyghur_Medicine.Uyghur_Therapeutic_Techniques.Uyghur_Cupping,TCM:1403300,Uyghur cupping therapy,,,,,,
TCM:1403203,Uyghur Mineral Drugs,维药矿物药,4,Traditional_Chinese_Medicine.Ethnic_Traditional_Medicine.Uyghur_Medicine.Uyghur_Materia_Medica.Uyghur_Mineral_Drugs,TCM:1403200,Mineral-based Uyghur medicines,,,,,,
TCM:1401303,Tibetan Medicated Bath,藏药浴,4,Traditional_Chinese_Medicine.Ethnic_Traditional_Medicine.Tibetan_Medicine.Tibetan_Therapeutic_Techniques.Tibetan_Medicated_Bath,TCM:1401300,Tibetan herbal bath therapy (Lum),,,,,,
TCM:1401203,Tibetan Mineral Drugs,藏药矿物药,4,Traditional_Chinese_Medicine.Ethnic_Traditional_Medicine.Tibetan_Medicine.Tibetan_Materia_Medica.Tibetan_Mineral_Drugs,TCM:1401200,Mineral-based Tibetan medicines,,,,,,
TCM:1403103,Mizaj Theory,气质学说,4,Traditional_Chinese_Medicine.Ethnic_Traditional_Medicine.Uyghur_Medicine.Uyghur_Medical_Theory.Mizaj_Theory,TCM:1403100,Temperament theory central to diagnosis and treatment,,,,,,
TCM:0802002C,Heat-Clearing Toxin-Resolving Drugs,清热解毒药,4,Traditional_Chinese_Medicine.TCM_Pharmacology.Drug_Actions.Heat_Clearing_Drugs.Heat_Clearing_Toxin_Resolving_Drugs,TCM:0802002,Drugs that clear heat and resolve toxins,,,,,,
TCM:1401103,Seven Body Constituents,七大物质基础,4,Traditional_Chinese_Medicine.Ethnic_Traditional_Medicine.Tibetan_Medicine.Tibetan_Medical_Theory.Seven_Body_Constituents,TCM:1401100,"Chyle, blood, flesh, fat, bone, marrow, reproductive fluid",,,,,,
TCM:1406303,Zhuang Navel Therapy,壮医脐疗,4,Traditional_Chinese_Medicine.Ethnic_Traditional_Medicine.Zhuang_Medicine.Zhuang_Therapeutic_Techniques.Zhuang_Navel_Therapy,TCM:1406300,Zhuang umbilical therapy,,,,,,
TCM:1405303,Miao Cupping,苗医拔罐,4,Traditional_Chinese_Medicine.Ethnic_Traditional_Medicine.Miao_Medicine.Miao_Therapeutic_Techniques.Miao_Cupping,TCM:1405300,Miao cupping therapy,,,,,,
TCM:0802017D,Yang-Tonifying Drugs,补阳药,4,Traditional_Chinese_Medicine.TCM_Pharmacology.Drug_Actions.Tonic_Drugs.Yang_Tonifying_Drugs,TCM:0802017,Drugs that tonify Yang,,,,,,
TCM:1401304,Tibetan Massage,藏医按摩,4,Traditional_Chinese_Medicine.Ethnic_Traditional_Medicine.Tibetan_Medicine.Tibetan_Therapeutic_Techniques.Tibetan_Massage,TCM:1401300,Tibetan therapeutic massage (Ku Nye),,,,,,
TCM:0802002D,Heat-Clearing Blood-Cooling Drugs,清热凉血药,4,Traditional_Chinese_Medicine.TCM_Pharmacology.Drug_Actions.Heat_Clearing_Drugs.Heat_Clearing_Blood_Cooling_Drugs,TCM:0802002,Drugs that clear heat at the blood level,,,,,,
TCM:1401204,Tibetan Patent Medicine,藏成药,4,Traditional_Chinese_Medicine.Ethnic_Traditional_Medicine.Tibetan_Medicine.Tibetan_Materia_Medica.Tibetan_Patent_Medicine,TCM:1401200,Manufactured Tibetan medicine products,,,,,,
TCM:0802002E,Deficiency-Heat-Clearing Drugs,清虚热药,4,Traditional_Chinese_Medicine.TCM_Pharmacology.Drug_Actions.Heat_Clearing_Drugs.Deficiency_Heat_Clearing_Drugs,TCM:0802002,Drugs that clear deficiency heat,,,,,,
TCM:0802002E01,Qinghao,青蒿,5,Traditional_Chinese_Medicine.TCM_Pharmacology.Drug_Actions.Heat_Clearing_Drugs.Deficiency_Heat_Clearing_Drugs.Qinghao,TCM:0802002E,"Artemisiae Annuae Herba, clears deficiency heat",,,,,,
TCM:0802002D01,Shengdihuang,生地黄,5,Traditional_Chinese_Medicine.TCM_Pharmacology.Drug_Actions.Heat_Clearing_Drugs.Heat_Clearing_Blood_Cooling_Drugs.Shengdihuang,TCM:0802002D,"Rehmanniae Radix, clears heat and cools blood",,,,,,
TCM:0802002C01,Jinyinhua,金银花,5,Traditional_Chinese_Medicine.TCM_Pharmacology.Drug_Actions.Heat_Clearing_Drugs.Heat_Clearing_Toxin_Resolving_Drugs.Jinyinhua,TCM:0802002C,"Lonicerae Japonicae Flos, clears heat and resolves toxins",,,,,,
TCM:0802017A01,Renshen,人参,5,Traditional_Chinese_Medicine.TCM_Pharmacology.Drug_Actions.Tonic_Drugs.Qi_Tonifying_Drugs.Renshen,TCM:0802017A,"Ginseng Radix et Rhizoma, greatly tonifies original Qi",,,,,,
TCM:0802002B01,Huangqin,黄芩,5,Traditional_Chinese_Medicine.TCM_Pharmacology.Drug_Actions.Heat_Clearing_Drugs.Heat_Clearing_Dampness_Drying_Drugs.Huangqin,TCM:0802002B,"Scutellariae Radix, clears heat and dries dampness",,,,,,
TCM:0802002A01,Shigao,石膏,5,Traditional_Chinese_Medicine.TCM_Pharmacology.Drug_Actions.Heat_Clearing_Drugs.Heat_Clearing_Fire_Draining_Drugs.Shigao,TCM:0802002A,"Gypsum Fibrosum, clears heat and drains fire",,,,,,
TCM:0802001B01,Bohe,薄荷,5,Traditional_Chinese_Medicine.TCM_Pharmacology.Drug_Actions.Exterior_Releasing_Drugs.Cool_Pungent_Exterior_Releasing_Drugs.Bohe,TCM:0802001B,"Menthae Haplocalycis Herba, disperses wind-heat",,,,,,
TCM:0802001A01,Mahuang,麻黄,5,Traditional_Chinese_Medicine.TCM_Pharmacology.Drug_Actions.Exterior_Releasing_Drugs.Warm_Pungent_Exterior_Releasing_Drugs.Mahuang,TCM:0802001A,"Ephedrae Herba, induces sweating and releases exterior",,,,,,
TCM:0802017B01,Danggui,当归,5,Traditional_Chinese_Medicine.TCM_Pharmacology.Drug_Actions.Tonic_Drugs.Blood_Tonifying_Drugs.Danggui,TCM:0802017B,"Angelicae Sinensis Radix, tonifies and activates blood",,,,,,
TCM:0802017C01,Beishashen,北沙参,5,Traditional_Chinese_Medicine.TCM_Pharmacology.Drug_Actions.Tonic_Drugs.Yin_Tonifying_Drugs.Beishashen,TCM:0802017C,"Glehniae Radix, nourishes yin and clears lung",,,,,,
TCM:0802017D01,Lurong,鹿茸,5,Traditional_Chinese_Medicine.TCM_Pharmacology.Drug_Actions.Tonic_Drugs.Yang_Tonifying_Drugs.Lurong,TCM:0802017D,"Cervi Cornu Pantotrichum, tonifies kidney yang and essence",,,,,,
TCM:0802017D02,Yinyanghuo,淫羊藿,5,Traditional_Chinese_Medicine.TCM_Pharmacology.Drug_Actions.Tonic_Drugs.Yang_Tonifying_Drugs.Yinyanghuo,TCM:0802017D,"Epimedii Folium, tonifies kidney yang",,,,,,
TCM:0802001B02,Niubangzi,牛蒡子,5,Traditional_Chinese_Medicine.TCM_Pharmacology.Drug_Actions.Exterior_Releasing_Drugs.Cool_Pungent_Exterior_Releasing_Drugs.Niubangzi,TCM:0802001B,"Arctii Fructus, disperses wind-heat and benefits the throat",,,,,,
TCM:0802002C02,Lianqiao,连翘,5,Traditional_Chinese_Medicine.TCM_Pharmacology.Drug_Actions.Heat_Clearing_Drugs.Heat_Clearing_Toxin_Resolving_Drugs.Lianqiao,TCM:0802002C,"Forsythiae Fructus, clears heat and resolves toxins",,,,,,
TCM:0802002B02,Huanglian,黄连,5,Traditional_Chinese_Medicine.TCM_Pharmacology.Drug_Actions.Heat_Clearing_Drugs.Heat_Clearing_Dampness_Drying_Drugs.Huanglian,TCM:0802002B,"Coptidis Rhizoma, clears heat and dries dampness",,,,,,
TCM:0802002E02,Digupi,地骨皮,5,Traditional_Chinese_Medicine.TCM_Pharmacology.Drug_Actions.Heat_Clearing_Drugs.Deficiency_Heat_Clearing_Drugs.Digupi,TCM:0802002E,"Lycii Cortex, clears deficiency heat and cools blood",,,,,,
TCM:0802001A02,Guizhi,桂枝,5,Traditional_Chinese_Medicine.TCM_Pharmacology.Drug_Actions.Exterior_Releasing_Drugs.Warm_Pungent_Exterior_Releasing_Drugs.Guizhi,TCM:0802001A,"Cinnamomi Ramulus, releases exterior and warms meridians",,,,,,
TCM:0802017C02,Maidong,麦冬,5,Traditional_Chinese_Medicine.TCM_Pharmacology.Drug_Actions.Tonic_Drugs.Yin_Tonifying_Drugs.Maidong,TCM:0802017C,"Ophiopogonis Radix, nourishes yin and generates fluids",,,,,,
TCM:0802017A02,Huangqi,黄芪,5,Traditional_Chinese_Medicine.TCM_Pharmacology.Drug_Actions.Tonic_Drugs.Qi_Tonifying_Drugs.Huangqi,TCM:0802017A,"Astragali Radix, tonifies Qi and raises yang",,,,,,
TCM:0802002A02,Zhimu,知母,5,Traditional_Chinese_Medicine.TCM_Pharmacology.Drug_Actions.Heat_Clearing_Drugs.Heat_Clearing_Fire_Draining_Drugs.Zhimu,TCM:0802002A,"Anemarrhenae Rhizoma, clears heat and nourishes yin",,,,,,
TCM:0802002D02,Xuanshen,玄参,5,Traditional_Chinese_Medicine.TCM_Pharmacology.Drug_Actions.Heat_Clearing_Drugs.Heat_Clearing_Blood_Cooling_Drugs.Xuanshen,TCM:0802002D,"Scrophulariae Radix, clears heat and nourishes yin",,,,,,
TCM:0802017B02,Shudihuang,熟地黄,5,Traditional_Chinese_Medicine.TCM_Pharmacology.Drug_Actions.Tonic_Drugs.Blood_Tonifying_Drugs.Shudihuang,TCM:0802017B,"Rehmanniae Radix Praeparata, nourishes blood and yin",,,,,,
TCM:0802002B03,Huangbai,黄柏,5,Traditional_Chinese_Medicine.TCM_Pharmacology.Drug_Actions.Heat_Clearing_Drugs.Heat_Clearing_Dampness_Drying_Drugs.Huangbai,TCM:0802002B,"Phellodendri Chinensis Cortex, clears heat and dries dampness",,,,,,
TCM:0802002C03,Pugongying,蒲公英,5,Traditional_Chinese_Medicine.TCM_Pharmacology.Drug_Actions.Heat_Clearing_Drugs.Heat_Clearing_Toxin_Resolving_Drugs.Pugongying,TCM:0802002C,"Taraxaci Herba, clears heat and resolves toxins",,,,,,
TCM:0802002E03,Yinchaihu,银柴胡,5,Traditional_Chinese_Medicine.TCM_Pharmacology.Drug_Actions.Heat_Clearing_Drugs.Deficiency_Heat_Clearing_Drugs.Yinchaihu,TCM:0802002E,"Stellariae Radix, clears deficiency heat",,,,,,
TCM:0802017D03,Duzhong,杜仲,5,Traditional_Chinese_Medicine.TCM_Pharmacology.Drug_Actions.Tonic_Drugs.Yang_Tonifying_Drugs.Duzhong,TCM:0802017D,"Eucommiae Cortex, tonifies liver and kidney",,,,,,
TCM:0802001B03,Chantui,蝉蜕,5,Traditional_Chinese_Medicine.TCM_Pharmacology.Drug_Actions.Exterior_Releasing_Drugs.Cool_Pungent_Exterior_Releasing_Drugs.Chantui,TCM:0802001B,"Cicadae Periostracum, disperses wind and clears heat",,,,,,
TCM:0802017B03,Heshouwu,何首乌,5,Traditional_Chinese_Medicine.TCM_Pharmacology.Drug_Actions.Tonic_Drugs.Blood_Tonifying_Drugs.Heshouwu,TCM:0802017B,"Polygoni Multiflori Radix, tonifies blood and essence",,,,,,
TCM:0802017A03,Dangshen,党参,5,Traditional_Chinese_Medicine.TCM_Pharmacology.Drug_Actions.Tonic_Drugs.Qi_Tonifying_Drugs.Dangshen,TCM:0802017A,"Codonopsis Radix, tonifies middle Qi",,,,,,
TCM:0802001A03,Zisu,紫苏,5,Traditional_Chinese_Medicine.TCM_Pharmacology.Drug_Actions.Exterior_Releasing_Drugs.Warm_Pungent_Exterior_Releasing_Drugs.Zisu,TCM:0802001A,"Perillae Folium, releases exterior and regulates Qi",,,,,,
TCM:0802002D03,Mudanpi,牡丹皮,5,Traditional_Chinese_Medicine.TCM_Pharmacology.Drug_Actions.Heat_Clearing_Drugs.Heat_Clearing_Blood_Cooling_Drugs.Mudanpi,TCM:0802002D,"Moutan Cortex, clears heat and cools blood",,,,,,
TCM:0802002A03,Zhizi,栀子,5,Traditional_Chinese_Medicine.TCM_Pharmacology.Drug_Actions.Heat_Clearing_Drugs.Heat_Clearing_Fire_Draining_Drugs.Zhizi,TCM:0802002A,"Gardeniae Fructus, clears heat and eliminates irritability",,,,,,
TCM:0802017C03,Gouqizi,枸杞子,5,Traditional_Chinese_Medicine.TCM_Pharmacology.Drug_Actions.Tonic_Drugs.Yin_Tonifying_Drugs.Gouqizi,TCM:0802017C,"Lycii Fructus, nourishes liver and kidney yin",,,,,,
TCM:0802017A04,Baizhu,白术,5,Traditional_Chinese_Medicine.TCM_Pharmacology.Drug_Actions.Tonic_Drugs.Qi_Tonifying_Drugs.Baizhu,TCM:0802017A,"Atractylodis Macrocephalae Rhizoma, tonifies Qi and strengthens spleen",,,,,,
TCM:0802017D04,Xuduan,续断,5,Traditional_Chinese_Medicine.TCM_Pharmacology.Drug_Actions.Tonic_Drugs.Yang_Tonifying_Drugs.Xuduan,TCM:0802017D,"Dipsaci Radix, tonifies liver and kidney, mends sinews",,,,,,
TCM:0802002B04,Longdancao,龙胆草,5,Traditional_Chinese_Medicine.TCM_Pharmacology.Drug_Actions.Heat_Clearing_Drugs.Heat_Clearing_Dampness_Drying_Drugs.Longdancao,TCM:0802002B,"Gentianae Radix et Rhizoma, clears liver fire and drains dampness",,,,,,
TCM:0802002A04,Xiakucao,夏枯草,5,Traditional_Chinese_Medicine.TCM_Pharmacology.Drug_Actions.Heat_Clearing_Drugs.Heat_Clearing_Fire_Draining_Drugs.Xiakucao,TCM:0802002A,"Prunellae Spica, clears liver fire and dissipates nodules",,,,,,
TCM:0802001A04,Jingjie,荆芥,5,Traditional_Chinese_Medicine.TCM_Pharmacology.Drug_Actions.Exterior_Releasing_Drugs.Warm_Pungent_Exterior_Releasing_Drugs.Jingjie,TCM:0802001A,"Schizonepetae Herba, releases exterior and stops bleeding",,,,,,
TCM:0802017C04,Nvzhenzi,女贞子,5,Traditional_Chinese_Medicine.TCM_Pharmacology.Drug_Actions.Tonic_Drugs.Yin_Tonifying_Drugs.Nvzhenzi,TCM:0802017C,"Ligustri Lucidi Fructus, nourishes liver and kidney yin",,,,,,
TCM:0802017B04,Baishao,白芍,5,Traditional_Chinese_Medicine.TCM_Pharmacology.Drug_Actions.Tonic_Drugs.Blood_Tonifying_Drugs.Baishao,TCM:0802017B,"Paeoniae Radix Alba, nourishes blood and preserves yin",,,,,,
TCM:0802002C04,Banlangen,板蓝根,5,Traditional_Chinese_Medicine.TCM_Pharmacology.Drug_Actions.Heat_Clearing_Drugs.Heat_Clearing_Toxin_Resolving_Drugs.Banlangen,TCM:0802002C,"Isatidis Radix, clears heat and resolves toxins",,,,,,
TCM:0802002D04,Chishao,赤芍,5,Traditional_Chinese_Medicine.TCM_Pharmacology.Drug_Actions.Heat_Clearing_Drugs.Heat_Clearing_Blood_Cooling_Drugs.Chishao,TCM:0802002D,"Paeoniae Radix Rubra, clears heat and cools blood",,,,,,
TCM:0802001B04,Sangye,桑叶,5,Traditional_Chinese_Medicine.TCM_Pharmacology.Drug_Actions.Exterior_Releasing_Drugs.Cool_Pungent_Exterior_Releasing_Drugs.Sangye,TCM:0802001B,"Mori Folium, disperses wind-heat and clears the eyes",,,,,,
TCM:0802002D05,Zicao,紫草,5,Traditional_Chinese_Medicine.TCM_Pharmacology.Drug_Actions.Heat_Clearing_Drugs.Heat_Clearing_Blood_Cooling_Drugs.Zicao,TCM:0802002D,"Arnebiae Radix, cools blood and resolves toxins",,,,,,
TCM:0802017D05,Tusizi,菟丝子,5,Traditional_Chinese_Medicine.TCM_Pharmacology.Drug_Actions.Tonic_Drugs.Yang_Tonifying_Drugs.Tusizi,TCM:0802017D,"Cuscutae Semen, tonifies kidney and secures essence",,,,,,
TCM:0802001A05,Fangfeng,防风,5,Traditional_Chinese_Medicine.TCM_Pharmacology.Drug_Actions.Exterior_Releasing_Drugs.Warm_Pungent_Exterior_Releasing_Drugs.Fangfeng,TCM:0802001A,"Saposhnikoviae Radix, expels wind and releases exterior",,,,,,
TCM:0802001B05,Juhua,菊花,5,Traditional_Chinese_Medicine.TCM_Pharmacology.Drug_Actions.Exterior_Releasing_Drugs.Cool_Pungent_Exterior_Releasing_Drugs.Juhua,TCM:0802001B,"Chrysanthemi Flos, disperses wind-heat and calms the liver",,,,,,
TCM:0802017B05,Ejiao,阿胶,5,Traditional_Chinese_Medicine.TCM_Pharmacology.Drug_Actions.Tonic_Drugs.Blood_Tonifying_Drugs.Ejiao,TCM:0802017B,"Asini Corii Colla, nourishes blood and stops bleeding",,,,,,
TCM:0802002A05,Lugen,芦根,5,Traditional_Chinese_Medicine.TCM_Pharmacology.Drug_Actions.Heat_Clearing_Drugs.Heat_Clearing_Fire_Draining_Drugs.Lugen,TCM:0802002A,"Phragmitis Rhizoma, clears heat and generates fluids",,,,,,
TCM:0802002B05,Kushen,苦参,5,Traditional_Chinese_Medicine.TCM_Pharmacology.Drug_Actions.Heat_Clearing_Drugs.Heat_Clearing_Dampness_Drying_Drugs.Kushen,TCM:0802002B,"Sophorae Flavescentis Radix, clears heat and kills parasites",,,,,,
TCM:0802017C05,Huangjing,黄精,5,Traditional_Chinese_Medicine.TCM_Pharmacology.Drug_Actions.Tonic_Drugs.Yin_Tonifying_Drugs.Huangjing,TCM:0802017C,"Polygonati Rhizoma, nourishes yin and moistens lung",,,,,,
TCM:0802002C05,Yuxingcao,鱼腥草,5,Traditional_Chinese_Medicine.TCM_Pharmacology.Drug_Actions.Heat_Clearing_Drugs.Heat_Clearing_Toxin_Resolving_Drugs.Yuxingcao,TCM:0802002C,"Houttuyniae Herba, clears heat and resolves toxins",,,,,,
TCM:0802017A05,Shanyao,山药,5,Traditional_Chinese_Medicine.TCM_Pharmacology.Drug_Actions.Tonic_Drugs.Qi_Tonifying_Drugs.Shanyao,TCM:0802017A,"Dioscoreae Rhizoma, tonifies Qi and nourishes yin",,,,,,
TCM:0802017D06,Buguzhi,补骨脂,5,Traditional_Chinese_Medicine.TCM_Pharmacology.Drug_Actions.Tonic_Drugs.Yang_Tonifying_Drugs.Buguzhi,TCM:0802017D,"Psoraleae Fructus, tonifies kidney and strengthens yang",,,,,,
TCM:0802002C06,Chuanxinlian,穿心莲,5,Traditional_Chinese_Medicine.TCM_Pharmacology.Drug_Actions.Heat_Clearing_Drugs.Heat_Clearing_Toxin_Resolving_Drugs.Chuanxinlian,TCM:0802002C,"Andrographis Herba, clears heat and resolves toxins",,,,,,
TCM:0802002A06,Tianhuafen,天花粉,5,Traditional_Chinese_Medicine.TCM_Pharmacology.Drug_Actions.Heat_Clearing_Drugs.Heat_Clearing_Fire_Draining_Drugs.Tianhuafen,TCM:0802002A,"Trichosanthis Radix, clears heat and generates fluids",,,,,,
TCM:0802017B06,Longyanrou,龙眼肉,5,Traditional_Chinese_Medicine.TCM_Pharmacology.Drug_Actions.Tonic_Drugs.Blood_Tonifying_Drugs.Longyanrou,TCM:0802017B,"Longan Arillus, tonifies heart and spleen blood",,,,,,
TCM:0802001B06,Chaihu,柴胡,5,Traditional_Chinese_Medicine.TCM_Pharmacology.Drug_Actions.Exterior_Releasing_Drugs.Cool_Pungent_Exterior_Releasing_Drugs.Chaihu,TCM:0802001B,"Bupleuri Radix, resolves lesser yang and reduces fever",,,,,,
TCM:0802001A06,Qianghuo,羌活,5,Traditional_Chinese_Medicine.TCM_Pharmacology.Drug_Actions.Exterior_Releasing_Drugs.Warm_Pungent_Exterior_Releasing_Drugs.Qianghuo,TCM:0802001A,"Notopterygii Rhizoma et Radix, releases exterior and dispels dampness",,,,,,
TCM:0802017A06,Gancao,甘草,5,Traditional_Chinese_Medicine.TCM_Pharmacology.Drug_Actions.Tonic_Drugs.Qi_Tonifying_Drugs.Gancao,TCM:0802017A,"Glycyrrhizae Radix et Rhizoma, tonifies Qi and harmonizes drugs",,,,,,
TCM:0802017C06,Yuzhu,玉竹,5,Traditional_Chinese_Medicine.TCM_Pharmacology.Drug_Actions.Tonic_Drugs.Yin_Tonifying_Drugs.Yuzhu,TCM:0802017C,"Polygonati Odorati Rhizoma, nourishes yin and moistens dryness",,,,,,
TCM:0802001A07,Baizhi,白芷,5,Traditional_Chinese_Medicine.TCM_Pharmacology.Drug_Actions.Exterior_Releasing_Drugs.Warm_Pungent_Exterior_Releasing_Drugs.Baizhi,TCM:0802001A,"Angelicae Dahuricae Radix, expels wind and relieves pain",,,,,,
TCM:0802017D07,Dongchongxiacao,冬虫夏草,5,Traditional_Chinese_Medicine.TCM_Pharmacology.Drug_Actions.Tonic_Drugs.Yang_Tonifying_Drugs.Dongchongxiacao,TCM:0802017D,"Cordyceps, tonifies kidney yang and lung yin",,,,,,
TCM:0802001B07,Gegen,葛根,5,Traditional_Chinese_Medicine.TCM_Pharmacology.Drug_Actions.Exterior_Releasing_Drugs.Cool_Pungent_Exterior_Releasing_Drugs.Gegen,TCM:0802001B,"Puerariae Lobatae Radix, releases muscles and clears heat",,,,,,
TCM:0802017A07,Dazao,大枣,5,Traditional_Chinese_Medicine.TCM_Pharmacology.Drug_Actions.Tonic_Drugs.Qi_Tonifying_Drugs.Dazao,TCM:0802017A,"Jujubae Fructus, tonifies Qi and nourishes blood",,,,,,
TCM:0802017C07,Shihuchong,石斛,5,Traditional_Chinese_Medicine.TCM_Pharmacology.Drug_Actions.Tonic_Drugs.Yin_Tonifying_Drugs.Shihuchong,TCM:0802017C,"Dendrobii Caulis, nourishes stomach yin and generates fluids",,,,,,
TCM:0802001A08,Xixin,细辛,5,Traditional_Chinese_Medicine.TCM_Pharmacology.Drug_Actions.Exterior_Releasing_Drugs.Warm_Pungent_Exterior_Releasing_Drugs.Xixin,TCM:0802001A,"Asari Radix et Rhizoma, expels wind-cold and opens orifices",,,,,,
TCM:0802001B08,Shengma,升麻,5,Traditional_Chinese_Medicine.TCM_Pharmacology.Drug_Actions.Exterior_Releasing_Drugs.Cool_Pungent_Exterior_Releasing_Drugs.Shengma,TCM:0802001B,"Cimicifugae Rhizoma, raises yang and releases exterior",,,,,,
